{
    "prob_desc_time_limit": "2 seconds",
    "prob_desc_sample_outputs": "[\"6\", \"3999999996\"]",
    "src_uid": "adb66b7b22d70bb37cb625d531d8865f",
    "prob_desc_notes": "NoteIn the first sample, we can simply take all three integers for a total sum of 6.In the second sample Wet Shark should take any four out of five integers 999 999 999.",
    "prob_desc_description": "Today, Wet Shark is given n integers. Using any of these integers no more than once, Wet Shark wants to get maximum possible even (divisible by 2) sum. Please, calculate this value for Wet Shark. Note, that if Wet Shark uses no integers from the n integers, the sum is an even integer 0.",
    "prob_desc_output_spec": "Print the maximum possible even sum that can be obtained if we use some of the given integers. ",
    "prob_desc_input_spec": "The first line of the input contains one integer, n (1 ≤ n ≤ 100 000). The next line contains n space separated integers given to Wet Shark. Each of these integers is in range from 1 to 109, inclusive. ",
    "prob_desc_output_to": "standard output",
    "prob_desc_input_from": "standard input",
    "lang": "Python 2",
    "lang_cluster": "Python",
    "difficulty": 900,
    "file_name": "train_004.jsonl",
    "code_uid": "54c0387fa0f0ffe5b71b98a3937c169c",
    "prob_desc_memory_limit": "256 megabytes",
    "prob_desc_sample_inputs": "[\"3\\n1 2 3\", \"5\\n999999999 999999999 999999999 999999999 999999999\"]",
    "exec_outcome": "PASSED",
    "source_code": "total = 0\nmin_odd = 1000000001\n\nn = input()\nnumbers = raw_input().split(' ')\n\nfor i in range(0, n):\n    x = int(numbers[i])\n    total += x\n    \n    if x % 2 == 1:\n        min_odd = min(x, min_odd)\n\nprint((total - min_odd) if total % 2 == 1 else total)",
    "prob_desc_created_at": "1454249100",
    "tags": [
        "implementation"
    ],
    "hidden_unit_tests": ""
}