{
    "prob_desc_time_limit": "1 second",
    "prob_desc_sample_outputs": "[\"4\", \"1\", \"5\"]",
    "src_uid": "869f8763211a7771ecd73d56b5c34479",
    "prob_desc_notes": "NoteIn the first example Maksim can pack only $$$4$$$ objects. Firstly, he tries to pack all the $$$5$$$ objects. Distribution of objects will be $$$[5], [2, 1]$$$. Maxim cannot pack the next object in the second box and he has no more empty boxes at all. Next he will throw out the first object and the objects distribution will be $$$[2, 1], [4, 2]$$$. So the answer is $$$4$$$.In the second example it is obvious that Maksim cannot pack all the objects starting from first, second, third and fourth (in all these cases the distribution of objects is $$$[4]$$$), but he can pack the last object ($$$[1]$$$).In the third example Maksim can pack all the objects he has. The distribution will be $$$[1, 2], [3], [1, 1]$$$.",
    "prob_desc_description": "Maksim has $$$n$$$ objects and $$$m$$$ boxes, each box has size exactly $$$k$$$. Objects are numbered from $$$1$$$ to $$$n$$$ in order from left to right, the size of the $$$i$$$-th object is $$$a_i$$$.Maksim wants to pack his objects into the boxes and he will pack objects by the following algorithm: he takes one of the empty boxes he has, goes from left to right through the objects, and if the $$$i$$$-th object fits in the current box (the remaining size of the box is greater than or equal to $$$a_i$$$), he puts it in the box, and the remaining size of the box decreases by $$$a_i$$$. Otherwise he takes the new empty box and continues the process above. If he has no empty boxes and there is at least one object not in some box then Maksim cannot pack the chosen set of objects.Maksim wants to know the maximum number of objects he can pack by the algorithm above. To reach this target, he will throw out the leftmost object from the set until the remaining set of objects can be packed in boxes he has. Your task is to say the maximum number of objects Maksim can pack in boxes he has.Each time when Maksim tries to pack the objects into the boxes, he will make empty all the boxes he has before do it (and the relative order of the remaining set of objects will not change).",
    "prob_desc_output_spec": "Print the maximum number of objects Maksim can pack using the algorithm described in the problem statement.",
    "prob_desc_input_spec": "The first line of the input contains three integers $$$n$$$, $$$m$$$, $$$k$$$ ($$$1 \\le n, m \\le 2 \\cdot 10^5$$$, $$$1 \\le k \\le 10^9$$$) — the number of objects, the number of boxes and the size of each box. The second line of the input contains $$$n$$$ integers $$$a_1, a_2, \\dots, a_n$$$ ($$$1 \\le a_i \\le k$$$), where $$$a_i$$$ is the size of the $$$i$$$-th object.",
    "prob_desc_output_to": "standard output",
    "prob_desc_input_from": "standard input",
    "lang": "PyPy 3",
    "lang_cluster": "Python",
    "difficulty": 1800,
    "file_name": "train_004.jsonl",
    "code_uid": "e65d45de816009d6cbd5c6f3289fda60",
    "prob_desc_memory_limit": "256 megabytes",
    "prob_desc_sample_inputs": "[\"5 2 6\\n5 2 1 4 2\", \"5 1 4\\n4 2 3 4 1\", \"5 3 3\\n1 2 3 1 1\"]",
    "exec_outcome": "PASSED",
    "source_code": "#!/usr/bin/env python3\n\nimport sys\n\nclass Input(object):\n    def __init__(self):\n        self.fh = sys.stdin\n\n    def next_line(self):\n        while True:\n            line = sys.stdin.readline()\n            if line == '\\n':\n                continue\n            return line\n\n\n    def next_line_ints(self):\n        line = self.next_line()\n        return [int(x) for x in line.split()]\n\n    def next_line_strs(self):\n        line = self.next_line()\n        return line.split()\n\ndef get_max_objects(s, m, k):\n    low = 0\n    high = len(s)\n    while low < high:\n        mid = (low + high) // 2\n        if can_fit(s, mid, m, k):\n            high = mid\n        else:\n            low = mid + 1\n    return len(s) - low\n\ndef can_fit(s, start, m, k):\n    left = 0\n    for i in range(start, len(s)):\n        if left < s[i]:\n            if m == 0:\n                return False\n            m -= 1\n            left = k\n        left -= s[i]\n    return True\n\ndef main():\n    input = Input()\n    while True:\n        nums = input.next_line_ints()\n        if not nums:\n            break\n        n, m, k = nums\n        s = input.next_line_ints()\n        max_num = get_max_objects(s, m, k)\n        print(\"{}\".format(max_num))\n\nmain()",
    "prob_desc_created_at": "1539354900",
    "tags": [
        "binary search",
        "implementation"
    ],
    "hidden_unit_tests": ""
}