{
    "prob_desc_time_limit": "2 seconds",
    "prob_desc_sample_outputs": "[\"YES\\nYES\\nNO\\nYES\\nYES\\nNO\"]",
    "src_uid": "a4c82fffb31bc7e42870fd84e043e815",
    "prob_desc_notes": "NoteIn the first test case, you can represent $$$3$$$ as $$$3$$$.In the second test case, the only way to represent $$$4$$$ is $$$1+3$$$.In the third test case, you cannot represent $$$10$$$ as the sum of three distinct positive odd integers.In the fourth test case, you can represent $$$10$$$ as $$$3+7$$$, for example.In the fifth test case, you can represent $$$16$$$ as $$$1+3+5+7$$$.In the sixth test case, you cannot represent $$$16$$$ as the sum of five distinct positive odd integers.",
    "prob_desc_description": "You are given two integers $$$n$$$ and $$$k$$$. Your task is to find if $$$n$$$ can be represented as a sum of $$$k$$$ distinct positive odd (not divisible by $$$2$$$) integers or not.You have to answer $$$t$$$ independent test cases.",
    "prob_desc_output_spec": "For each test case, print the answer — \"YES\" (without quotes) if $$$n$$$ can be represented as a sum of $$$k$$$ distinct positive odd (not divisible by $$$2$$$) integers and \"NO\" otherwise.",
    "prob_desc_input_spec": "The first line of the input contains one integer $$$t$$$ ($$$1 \\le t \\le 10^5$$$) — the number of test cases. The next $$$t$$$ lines describe test cases. The only line of the test case contains two integers $$$n$$$ and $$$k$$$ ($$$1 \\le n, k \\le 10^7$$$).",
    "prob_desc_output_to": "standard output",
    "prob_desc_input_from": "standard input",
    "lang": "PyPy 3",
    "lang_cluster": "Python",
    "difficulty": 1100,
    "file_name": "train_002.jsonl",
    "code_uid": "875e3c1bdfd197a06af7a67499826260",
    "prob_desc_memory_limit": "256 megabytes",
    "prob_desc_sample_inputs": "[\"6\\n3 1\\n4 2\\n10 3\\n10 2\\n16 4\\n16 5\"]",
    "exec_outcome": "PASSED",
    "source_code": "t=int(input())\nfor i in range(t):\n    n,x=[int(y) for y in input().split()]\n    if (n%2!=x%2 or x**2>n):\n        print('NO')\n        \n    else:\n        print('YES')\n  ",
    "prob_desc_created_at": "1584974100",
    "tags": [
        "math"
    ],
    "hidden_unit_tests": ""
}