{
    "prob_desc_time_limit": "2 seconds",
    "prob_desc_sample_outputs": "[\"1 3\", \"2 3\"]",
    "src_uid": "9a92221c760a3b6a1e9318f948fe0473",
    "prob_desc_notes": null,
    "prob_desc_description": "Little Vasya has received a young builder’s kit. The kit consists of several wooden bars, the lengths of all of them are known. The bars can be put one on the top of the other if their lengths are the same.Vasya wants to construct the minimal number of towers from the bars. Help Vasya to use the bars in the best way possible.",
    "prob_desc_output_spec": "In one line output two numbers — the height of the largest tower and their total number. Remember that Vasya should use all the bars.",
    "prob_desc_input_spec": "The first line contains an integer N (1 ≤ N ≤ 1000) — the number of bars at Vasya’s disposal. The second line contains N space-separated integers li — the lengths of the bars. All the lengths are natural numbers not exceeding 1000.",
    "prob_desc_output_to": "standard output",
    "prob_desc_input_from": "standard input",
    "lang": "PyPy 3",
    "lang_cluster": "Python",
    "difficulty": 1000,
    "file_name": "train_002.jsonl",
    "code_uid": "7841551aaac5c719756f72ff17671072",
    "prob_desc_memory_limit": "256 megabytes",
    "prob_desc_sample_inputs": "[\"3\\n1 2 3\", \"4\\n6 5 6 7\"]",
    "exec_outcome": "PASSED",
    "source_code": "input()\nz=[]\nd=list(map(int,input().split()))\nk=0\nfor n in d:\n\tk=max(k,d.count(n))\n\tif n not in z:\n\t\tz.append(n)\nprint(k,len(z))",
    "prob_desc_created_at": "1288018800",
    "tags": [
        "sortings"
    ],
    "hidden_unit_tests": ""
}