{
    "prob_desc_time_limit": "3 seconds",
    "prob_desc_sample_outputs": "[\"3\\n1 5 3\", \"3\\n3 2 1\"]",
    "src_uid": "6b720be3d26719ce649158e8903527e3",
    "prob_desc_notes": "NoteThe final sequence in the first example is $$$1 &lt; 7 &gt; 3 &lt; 5 &gt; 2 &lt; 10$$$.The final sequence in the second example is $$$6 &gt; 1 &lt; 3 &gt; 2 &lt; 5 &gt; 4$$$.",
    "prob_desc_description": "You are given $$$n$$$ pairs of integers $$$(a_1, b_1), (a_2, b_2), \\ldots, (a_n, b_n)$$$. All of the integers in the pairs are distinct and are in the range from $$$1$$$ to $$$2 \\cdot n$$$ inclusive.Let's call a sequence of integers $$$x_1, x_2, \\ldots, x_{2k}$$$ good if either   $$$x_1 &lt; x_2 &gt; x_3 &lt; \\ldots &lt; x_{2k-2} &gt; x_{2k-1} &lt; x_{2k}$$$, or  $$$x_1 &gt; x_2 &lt; x_3 &gt; \\ldots &gt; x_{2k-2} &lt; x_{2k-1} &gt; x_{2k}$$$. You need to choose a subset of distinct indices $$$i_1, i_2, \\ldots, i_t$$$ and their order in a way that if you write down all numbers from the pairs in a single sequence (the sequence would be $$$a_{i_1}, b_{i_1}, a_{i_2}, b_{i_2}, \\ldots, a_{i_t}, b_{i_t}$$$), this sequence is good.What is the largest subset of indices you can choose? You also need to construct the corresponding index sequence $$$i_1, i_2, \\ldots, i_t$$$.",
    "prob_desc_output_spec": "In the first line print a single integer $$$t$$$ — the number of pairs in the answer. Then print $$$t$$$ distinct integers $$$i_1, i_2, \\ldots, i_t$$$ — the indexes of pairs in the corresponding order.",
    "prob_desc_input_spec": "The first line contains single integer $$$n$$$ ($$$2 \\leq n \\leq 3 \\cdot 10^5$$$) — the number of pairs. Each of the next $$$n$$$ lines contain two numbers — $$$a_i$$$ and $$$b_i$$$ ($$$1 \\le a_i, b_i \\le 2 \\cdot n$$$) — the elements of the pairs. It is guaranteed that all integers in the pairs are distinct, that is, every integer from $$$1$$$ to $$$2 \\cdot n$$$ is mentioned exactly once.",
    "prob_desc_output_to": "standard output",
    "prob_desc_input_from": "standard input",
    "lang": "Python 3",
    "lang_cluster": "Python",
    "difficulty": 1800,
    "file_name": "train_007.jsonl",
    "code_uid": "20f672e8de01fe075bef2c44ab57e6cf",
    "prob_desc_memory_limit": "256 megabytes",
    "prob_desc_sample_inputs": "[\"5\\n1 7\\n6 4\\n2 10\\n9 8\\n3 5\", \"3\\n5 4\\n3 2\\n6 1\"]",
    "exec_outcome": "PASSED",
    "source_code": "n = int(input())\ng, l = [], []\n\nfor _ in range(n):\n\ti = [*map(int, input().split())]\n\tif i[0] > i[1]:\n\t\tg.append(i + [_ + 1])\n\telse:\n\t\tl.append(i + [_ + 1])\n\ng.sort()\nl.sort(reverse=True)\n\nif len(g) < len(l):\n\tg = l\nprint(len(g))\nprint(' '.join(map(str, [i[2] for i in g])))",
    "prob_desc_created_at": "1559399700",
    "tags": [
        "sortings",
        "greedy"
    ],
    "hidden_unit_tests": ""
}