{
    "prob_desc_time_limit": "3 seconds",
    "prob_desc_sample_outputs": "[\"3 5\\n2 1\\n3 2\\n3 4\", \"4 1\\n1 2\\n1 3\", \"3 2\\n2 5\\n8 5\\n6 1\\n2 7\\n1 2\\n3 4\"]",
    "src_uid": "fd593d74545da6d133708d58bdde2197",
    "prob_desc_notes": "NotePicture corresponding to the first example: In this example the number of edges of spanning tree incident to the vertex $$$3$$$ is $$$3$$$. It is the maximum degree over all vertices of the spanning tree. It is easy to see that we cannot obtain a better answer.Picture corresponding to the second example: In this example the number of edges of spanning tree incident to the vertex $$$1$$$ is $$$3$$$. It is the maximum degree over all vertices of the spanning tree. It is easy to see that we cannot obtain a better answer.Picture corresponding to the third example: In this example the number of edges of spanning tree incident to the vertex $$$2$$$ is $$$4$$$. It is the maximum degree over all vertices of the spanning tree. It is easy to see that we cannot obtain a better answer. But because this example is symmetric, we can choose almost the same spanning tree but with vertex $$$5$$$ instead of $$$2$$$.",
    "prob_desc_description": "You are given an undirected unweighted connected graph consisting of $$$n$$$ vertices and $$$m$$$ edges. It is guaranteed that there are no self-loops or multiple edges in the given graph.Your task is to find any spanning tree of this graph such that the maximum degree over all vertices is maximum possible. Recall that the degree of a vertex is the number of edges incident to it.",
    "prob_desc_output_spec": "Print $$$n-1$$$ lines describing the edges of a spanning tree such that the maximum degree over all vertices is maximum possible. Make sure that the edges of the printed spanning tree form some subset of the input edges (order doesn't matter and edge $$$(v, u)$$$ is considered the same as the edge $$$(u, v)$$$). If there are multiple possible answers, print any of them.",
    "prob_desc_input_spec": "The first line contains two integers $$$n$$$ and $$$m$$$ ($$$2 \\le n \\le 2 \\cdot 10^5$$$, $$$n - 1 \\le m \\le min(2 \\cdot 10^5, \\frac{n(n-1)}{2})$$$) — the number of vertices and edges, respectively. The following $$$m$$$ lines denote edges: edge $$$i$$$ is represented by a pair of integers $$$v_i$$$, $$$u_i$$$ ($$$1 \\le v_i, u_i \\le n$$$, $$$u_i \\ne v_i$$$), which are the indices of vertices connected by the edge. There are no loops or multiple edges in the given graph, i. e. for each pair ($$$v_i, u_i$$$) there are no other pairs ($$$v_i, u_i$$$) or ($$$u_i, v_i$$$) in the list of edges, and for each pair $$$(v_i, u_i)$$$ the condition $$$v_i \\ne u_i$$$ is satisfied.",
    "prob_desc_output_to": "standard output",
    "prob_desc_input_from": "standard input",
    "lang": "Python 3",
    "lang_cluster": "Python",
    "difficulty": 1600,
    "file_name": "train_015.jsonl",
    "code_uid": "5277059caf113997c9a69da74854e505",
    "prob_desc_memory_limit": "256 megabytes",
    "prob_desc_sample_inputs": "[\"5 5\\n1 2\\n2 3\\n3 5\\n4 3\\n1 5\", \"4 6\\n1 2\\n1 3\\n1 4\\n2 3\\n2 4\\n3 4\", \"8 9\\n1 2\\n2 3\\n2 5\\n1 6\\n3 4\\n6 5\\n4 5\\n2 7\\n5 8\"]",
    "exec_outcome": "PASSED",
    "source_code": "\n\n\n\nn, m = tuple(map(int, input().split()))\ndata = []\nfor i in range(n+1):\n    data.append(set())\nmaxn = 0\nfor i in range(m):\n    a, b = tuple(map(int, input().split()))\n    data[a].add(b)\n    data[b].add(a)\n    if len(data[a]) > maxn:\n        maxn = len(data[a])\n        maxv = a\n    if len(data[b]) > maxn:\n        maxn = len(data[b])\n        maxv = b\n\nfound = {maxv}\n\ncurrent = set()\n\n\n\nfor c in data[maxv]:\n    found.add(c)\n    current.add(c)\n    print(str(maxv) + ' ' + str(c))\n\nwhile len(found) < n:\n    newc = set()\n    for el in current:\n        for chi in data[el]:\n            if chi not in found:\n                found.add(chi)\n                newc.add(chi)\n                print(str(el), str(chi))\n    current = newc\n\n\n",
    "prob_desc_created_at": "1551971100",
    "tags": [
        "graphs"
    ],
    "hidden_unit_tests": ""
}