{
    "prob_desc_time_limit": "1 second",
    "prob_desc_sample_outputs": "[\"1 0 \\n0 0\", \"1 0 0 \\n0 1 0 \\n0 0 0\", \"-1\"]",
    "src_uid": "d5a328cfa1e4d26ff007813ad02991ac",
    "prob_desc_notes": null,
    "prob_desc_description": "You are given matrix with n rows and n columns filled with zeroes. You should put k ones in it in such a way that the resulting matrix is symmetrical with respect to the main diagonal (the diagonal that goes from the top left to the bottom right corner) and is lexicographically maximal.One matrix is lexicographically greater than the other if the first different number in the first different row from the top in the first matrix is greater than the corresponding number in the second one.If there exists no such matrix then output -1.",
    "prob_desc_output_spec": "If the answer exists then output resulting matrix. Otherwise output -1.",
    "prob_desc_input_spec": "The first line consists of two numbers n and k (1 ≤ n ≤ 100, 0 ≤ k ≤ 106).",
    "prob_desc_output_to": "standard output",
    "prob_desc_input_from": "standard input",
    "lang": "PyPy 2",
    "lang_cluster": "Python",
    "difficulty": 1400,
    "file_name": "train_022.jsonl",
    "code_uid": "520734a5f420115cfacf8da614774053",
    "prob_desc_memory_limit": "256 megabytes",
    "prob_desc_sample_inputs": "[\"2 1\", \"3 2\", \"2 5\"]",
    "exec_outcome": "PASSED",
    "source_code": "n,k = map(int,raw_input().split())\nif k > pow(n,2):\n  print -1\nelse:\n  ans = [[0 for x in range(n)] for x in range(n)]\n  cur = 0\n  while k:\n    ans[cur][cur] = 1\n    k -= 1\n    temp = 1\n    while k>=2 and cur+temp<n:\n      ans[cur][cur+temp] = 1\n      ans[cur+temp][cur] = 1\n      temp += 1\n      k -= 2\n    cur += 1\n  for i in ans:\n    print \" \".join([str(x) for x in i])",
    "prob_desc_created_at": "1493391900",
    "tags": [
        "constructive algorithms"
    ],
    "hidden_unit_tests": ""
}