{
    "prob_desc_time_limit": "2 seconds",
    "prob_desc_sample_outputs": "[\"2 4 6 1 3\", \"1 -3 4 11 6\"]",
    "src_uid": "fa256021dc519f526ef3878cce32ff31",
    "prob_desc_notes": "NoteIn the first sample test, the crows report the numbers 6, - 4, 8, - 2, and 3 when he starts at indices 1, 2, 3, 4 and 5 respectively. It is easy to check that the sequence 2 4 6 1 3 satisfies the reports. For example, 6 = 2 - 4 + 6 - 1 + 3, and  - 4 = 4 - 6 + 1 - 3.In the second sample test, the sequence 1,  - 3, 4, 11, 6 satisfies the reports. For example, 5 = 11 - 6 and 6 = 6.",
    "prob_desc_description": "There are n integers b1, b2, ..., bn written in a row. For all i from 1 to n, values ai are defined by the crows performing the following procedure:  The crow sets ai initially 0.  The crow then adds bi to ai, subtracts bi + 1, adds the bi + 2 number, and so on until the n'th number. Thus, ai = bi - bi + 1 + bi + 2 - bi + 3.... Memory gives you the values a1, a2, ..., an, and he now wants you to find the initial numbers b1, b2, ..., bn written in the row? Can you do it?",
    "prob_desc_output_spec": "Print n integers corresponding to the sequence b1, b2, ..., bn. It's guaranteed that the answer is unique and fits in 32-bit integer type.",
    "prob_desc_input_spec": "The first line of the input contains a single integer n (2 ≤ n ≤ 100 000) — the number of integers written in the row. The next line contains n, the i'th of which is ai ( - 109 ≤ ai ≤ 109) — the value of the i'th number.",
    "prob_desc_output_to": "standard output",
    "prob_desc_input_from": "standard input",
    "lang": "Python 3",
    "lang_cluster": "Python",
    "difficulty": 800,
    "file_name": "train_007.jsonl",
    "code_uid": "e577e8b1dc6f986d3ca89b22e9a18e7c",
    "prob_desc_memory_limit": "256 megabytes",
    "prob_desc_sample_inputs": "[\"5\\n6 -4 8 -2 3\", \"5\\n3 -2 -1 5 6\"]",
    "exec_outcome": "PASSED",
    "source_code": "a=int(input())\nb=list(map(int,input().split()))\nfor x in range(a-1):\n\tprint(b[x]+b[x+1],end=' ')\nprint(b[-1],end='')",
    "prob_desc_created_at": "1473525900",
    "tags": [
        "implementation",
        "math"
    ],
    "hidden_unit_tests": ""
}