{
    "prob_desc_time_limit": "2 seconds",
    "prob_desc_sample_outputs": "[\"2\", \"1\", \"0\"]",
    "src_uid": "2558db57229e55ffe0de0d8cf217035b",
    "prob_desc_notes": null,
    "prob_desc_description": "You've got array a[1], a[2], ..., a[n], consisting of n integers. Count the number of ways to split all the elements of the array into three contiguous parts so that the sum of elements in each part is the same. More formally, you need to find the number of such pairs of indices i, j (2 ≤ i ≤ j ≤ n - 1), that .",
    "prob_desc_output_spec": "Print a single integer — the number of ways to split the array into three parts with the same sum.",
    "prob_desc_input_spec": "The first line contains integer n (1 ≤ n ≤ 5·105), showing how many numbers are in the array. The second line contains n integers a[1], a[2], ..., a[n] (|a[i]| ≤  109) — the elements of array a.",
    "prob_desc_output_to": "standard output",
    "prob_desc_input_from": "standard input",
    "lang": "Python 2",
    "lang_cluster": "Python",
    "difficulty": 1700,
    "file_name": "train_002.jsonl",
    "code_uid": "971693743972d34dae93c8703c8ce25e",
    "prob_desc_memory_limit": "256 megabytes",
    "prob_desc_sample_inputs": "[\"5\\n1 2 3 0 3\", \"4\\n0 1 -1 0\", \"2\\n4 1\"]",
    "exec_outcome": "PASSED",
    "source_code": "def f(n):\n\ts = map(int, raw_input().split())\n\tsm = sum(s)\n\tif sm %3 != 0:\n\t\treturn 0\n\tfor i in xrange(1, n):\n\t\ts[i] += s[i - 1]\n\tcount = [0] * n\n\ti = n - 1\n\twhile i > 0:\n\t\tif sm/3 == s[-1] - s[i-1]:\n\t\t\tcount[i-1] = 1\n\t\ti -= 1\n\tsums = [0] * n\n\tsums[n-1] = count[n - 1]\n\ti = n - 2\n\twhile i >= 0:\n\t\tsums[i] = sums[i+1]+count[i]\n\t\ti -= 1\n\tcount = 0\n\tfor i in xrange(n-2):\n\t\tif s[i] == sm/3:\n\t\t\tcount += sums[i+1]\n\treturn count\nn = int(raw_input())\nprint f(n)",
    "prob_desc_created_at": "1410535800",
    "tags": [
        "dp",
        "two pointers",
        "data structures",
        "binary search",
        "brute force"
    ],
    "hidden_unit_tests": ""
}