{
    "prob_desc_time_limit": "2 seconds",
    "prob_desc_sample_outputs": "[\"1\", \"-1\"]",
    "src_uid": "ff0843cbd7c3a07c7d7d0be46b03a700",
    "prob_desc_notes": "NoteIn the first sample case the first explosion will happen in 1 microsecond because the particles number 1 and 2 will simultaneously be at the same point with the coordinate 3. In the second sample case there will be no explosion because there are no particles which will simultaneously be at the same point.",
    "prob_desc_description": "There will be a launch of a new, powerful and unusual collider very soon, which located along a straight line. n particles will be launched inside it. All of them are located in a straight line and there can not be two or more particles located in the same point. The coordinates of the particles coincide with the distance in meters from the center of the collider, xi is the coordinate of the i-th particle and its position in the collider at the same time. All coordinates of particle positions are even integers.You know the direction of each particle movement — it will move to the right or to the left after the collider's launch start. All particles begin to move simultaneously at the time of the collider's launch start. Each particle will move straight to the left or straight to the right with the constant speed of 1 meter per microsecond. The collider is big enough so particles can not leave it in the foreseeable time.Write the program which finds the moment of the first collision of any two particles of the collider. In other words, find the number of microseconds before the first moment when any two particles are at the same point.",
    "prob_desc_output_spec": "In the first line print the only integer — the first moment (in microseconds) when two particles are at the same point and there will be an explosion.  Print the only integer -1, if the collision of particles doesn't happen. ",
    "prob_desc_input_spec": "The first line contains the positive integer n (1 ≤ n ≤ 200 000) — the number of particles.  The second line contains n symbols \"L\" and \"R\". If the i-th symbol equals \"L\", then the i-th particle will move to the left, otherwise the i-th symbol equals \"R\" and the i-th particle will move to the right. The third line contains the sequence of pairwise distinct even integers x1, x2, ..., xn (0 ≤ xi ≤ 109) — the coordinates of particles in the order from the left to the right. It is guaranteed that the coordinates of particles are given in the increasing order. ",
    "prob_desc_output_to": "standard output",
    "prob_desc_input_from": "standard input",
    "lang": "PyPy 2",
    "lang_cluster": "Python",
    "difficulty": 1000,
    "file_name": "train_021.jsonl",
    "code_uid": "4501aa8e7d82bfef96d144d4f64f303b",
    "prob_desc_memory_limit": "256 megabytes",
    "prob_desc_sample_inputs": "[\"4\\nRLRL\\n2 4 6 10\", \"3\\nLLR\\n40 50 60\"]",
    "exec_outcome": "PASSED",
    "source_code": "n=input()\ns=raw_input()\na=map(int,raw_input().split())\nt=1<<63\nfor i in range(1,n):\n  if 'R'==s[i-1] and 'L'==s[i]:\n    t=min(t,a[i]-a[i-1])\nprint t/2 if t<1<<63 else -1\n",
    "prob_desc_created_at": "1468933500",
    "tags": [
        "implementation"
    ],
    "hidden_unit_tests": ""
}