{
    "prob_desc_time_limit": "2 seconds",
    "prob_desc_sample_outputs": "[\"3\", \"2\"]",
    "src_uid": "bdea209c7b628e4cc90ebc2572826485",
    "prob_desc_notes": "NoteIn first test, there are three cafes, and the last visits to cafes with indices 1 and 2 were after the last visit to cafe with index 3; so this cafe is the answer. In second test case, there are also three cafes, but with indices 1, 2 and 4. Cafes with indices 1 and 4 were visited after the last visit of cafe with index 2, so the answer is 2. Note that Vlad could omit some numbers while numerating the cafes.",
    "prob_desc_description": "Vlad likes to eat in cafes very much. During his life, he has visited cafes n times. Unfortunately, Vlad started to feel that his last visits are not any different from each other. To fix that Vlad had a small research.First of all, Vlad assigned individual indices to all cafes. Then, he wrote down indices of cafes he visited in a row, in order of visiting them. Now, Vlad wants to find such a cafe that his last visit to that cafe was before his last visits to every other cafe. In other words, he wants to find such a cafe that he hasn't been there for as long as possible. Help Vlad to find that cafe.",
    "prob_desc_output_spec": "Print one integer — index of the cafe that Vlad hasn't visited for as long as possible.",
    "prob_desc_input_spec": "In first line there is one integer n (1 ≤ n ≤ 2·105) — number of cafes indices written by Vlad. In second line, n numbers a1, a2, ..., an (0 ≤ ai ≤ 2·105) are written — indices of cafes in order of being visited by Vlad. Vlad could visit some cafes more than once. Note that in numeration, some indices could be omitted.",
    "prob_desc_output_to": "standard output",
    "prob_desc_input_from": "standard input",
    "lang": "Python 3",
    "lang_cluster": "Python",
    "difficulty": 1000,
    "file_name": "train_002.jsonl",
    "code_uid": "892473bcff7d4826571443f821566215",
    "prob_desc_memory_limit": "256 megabytes",
    "prob_desc_sample_inputs": "[\"5\\n1 3 2 1 2\", \"6\\n2 1 2 2 4 1\"]",
    "exec_outcome": "PASSED",
    "source_code": "n = int(input())\n\ncafes = list(map(int, input().split()))\n\nlastChecked = {}\n\nfor i in range(len(cafes)):\n\tlastChecked[cafes[i]] = i\nprint(cafes[min(lastChecked.values())])\n",
    "prob_desc_created_at": "1510502700",
    "tags": [],
    "hidden_unit_tests": ""
}