{
    "prob_desc_time_limit": "3 seconds",
    "prob_desc_sample_outputs": "[\"YES\\n3 4\", \"NO\", \"YES\\n1 1\"]",
    "src_uid": "6493e146ea8d931582d77bb1b0f06e53",
    "prob_desc_notes": null,
    "prob_desc_description": "Ivan is going to sleep now and wants to set his alarm clock. There will be many necessary events tomorrow, the $$$i$$$-th of them will start during the $$$x_i$$$-th minute. Ivan doesn't want to skip any of the events, so he has to set his alarm clock in such a way that it rings during minutes $$$x_1, x_2, \\dots, x_n$$$, so he will be awake during each of these minutes (note that it does not matter if his alarm clock will ring during any other minute).Ivan can choose two properties for the alarm clock — the first minute it will ring (let's denote it as $$$y$$$) and the interval between two consecutive signals (let's denote it by $$$p$$$). After the clock is set, it will ring during minutes $$$y, y + p, y + 2p, y + 3p$$$ and so on.Ivan can choose any minute as the first one, but he cannot choose any arbitrary value of $$$p$$$. He has to pick it among the given values $$$p_1, p_2, \\dots, p_m$$$ (his phone does not support any other options for this setting).So Ivan has to choose the first minute $$$y$$$ when the alarm clock should start ringing and the interval between two consecutive signals $$$p_j$$$ in such a way that it will ring during all given minutes $$$x_1, x_2, \\dots, x_n$$$ (and it does not matter if his alarm clock will ring in any other minutes).Your task is to tell the first minute $$$y$$$ and the index $$$j$$$ such that if Ivan sets his alarm clock with properties $$$y$$$ and $$$p_j$$$ it will ring during all given minutes $$$x_1, x_2, \\dots, x_n$$$ or say that it is impossible to choose such values of the given properties. If there are multiple answers, you can print any.",
    "prob_desc_output_spec": "If it's impossible to choose such values $$$y$$$ and $$$j$$$ so all constraints are satisfied, print \"NO\" in the first line. Otherwise print \"YES\" in the first line. Then print two integers $$$y$$$ ($$$1 \\le y \\le 10^{18}$$$) and $$$j$$$ ($$$1 \\le j \\le m$$$) in the second line, where $$$y$$$ is the first minute Ivan's alarm clock should start ringing and $$$j$$$ is the index of the option for the interval between two consecutive signals (options are numbered from $$$1$$$ to $$$m$$$ in the order they are given input). These values should be chosen in such a way that the alarm clock will ring during all given minutes $$$x_1, x_2, \\dots, x_n$$$. If there are multiple answers, you can print any.",
    "prob_desc_input_spec": "The first line of the input contains two integers $$$n$$$ and $$$m$$$ ($$$2 \\le n \\le 3 \\cdot 10^5, 1 \\le m \\le 3 \\cdot 10^5$$$) — the number of events and the number of possible settings for the interval between signals. The second line of the input contains $$$n$$$ integers $$$x_1, x_2, \\dots, x_n$$$ ($$$1 \\le x_i \\le 10^{18}$$$), where $$$x_i$$$ is the minute when $$$i$$$-th event starts. It is guaranteed that all $$$x_i$$$ are given in increasing order (i. e. the condition $$$x_1 &lt; x_2 &lt; \\dots &lt; x_n$$$ holds). The third line of the input contains $$$m$$$ integers $$$p_1, p_2, \\dots, p_m$$$ ($$$1 \\le p_j \\le 10^{18}$$$), where $$$p_j$$$ is the $$$j$$$-th option for the interval between two consecutive signals.",
    "prob_desc_output_to": "standard output",
    "prob_desc_input_from": "standard input",
    "lang": "Python 3",
    "lang_cluster": "Python",
    "difficulty": 1300,
    "file_name": "train_009.jsonl",
    "code_uid": "d018b510e8a073586cba1b3161660675",
    "prob_desc_memory_limit": "256 megabytes",
    "prob_desc_sample_inputs": "[\"3 5\\n3 12 18\\n2 6 5 3 3\", \"4 2\\n1 5 17 19\\n4 5\", \"4 2\\n1 5 17 19\\n2 1\"]",
    "exec_outcome": "PASSED",
    "source_code": "from math import gcd\n\n\nn,m = map(int,input().split())\nl = list(map(int,input().split()))\nr = list(map(int,input().split()))\n\nk = []\n\nfor i in range(n-1):\n\tk.append(l[i+1]-l[i])\n\ns = 0\nfor i in range(len(k)):\n\n\ts = gcd(s,k[i])\n \nfor i in range(m):\n\n\tif s%r[i] == 0:\n\t\tprint(\"YES\")\n\t\tt = l[0]%r[i]\n\t\tif t == 0:\n\t\t\tt = r[i]\n\t\tprint(t,i+1)\n\t\texit()\nprint(\"NO\")",
    "prob_desc_created_at": "1555943700",
    "tags": [
        "number theory",
        "math"
    ],
    "hidden_unit_tests": ""
}