{
    "prob_desc_time_limit": "1 second",
    "prob_desc_sample_outputs": "[\"13\\n1000000001000000000\"]",
    "src_uid": "ec8060260a6c7f4ff3e6afc9fd248afc",
    "prob_desc_notes": "NoteIn the first test of the example Vasya can buy $$$9$$$ bars, get $$$3$$$ for free, buy another bar, and so he will get $$$13$$$ bars.In the second test Vasya buys $$$1000000000$$$ bars and gets $$$1000000000000000000$$$ for free. So he has $$$1000000001000000000$$$ bars.",
    "prob_desc_description": "There is a special offer in Vasya's favourite supermarket: if the customer buys $$$a$$$ chocolate bars, he or she may take $$$b$$$ additional bars for free. This special offer can be used any number of times.Vasya currently has $$$s$$$ roubles, and he wants to get as many chocolate bars for free. Each chocolate bar costs $$$c$$$ roubles. Help Vasya to calculate the maximum possible number of chocolate bars he can get!",
    "prob_desc_output_spec": "Print $$$t$$$ lines. $$$i$$$-th line should contain the maximum possible number of chocolate bars Vasya can get in $$$i$$$-th test.",
    "prob_desc_input_spec": "The first line contains one integer $$$t$$$ ($$$1 \\le t \\le 100$$$) — the number of testcases. Each of the next $$$t$$$ lines contains four integers $$$s, a, b, c~(1 \\le s, a, b, c \\le 10^9)$$$ — the number of roubles Vasya has, the number of chocolate bars you have to buy to use the special offer, the number of bars you get for free, and the cost of one bar, respectively.",
    "prob_desc_output_to": "standard output",
    "prob_desc_input_from": "standard input",
    "lang": "PyPy 3",
    "lang_cluster": "Python",
    "difficulty": 800,
    "file_name": "train_017.jsonl",
    "code_uid": "3d3721be0db959d00108ab8da3a55101",
    "prob_desc_memory_limit": "256 megabytes",
    "prob_desc_sample_inputs": "[\"2\\n10 3 1 1\\n1000000000 1 1000000000 1\"]",
    "exec_outcome": "PASSED",
    "source_code": "t = int(input())\n\nfor i in range(t):\n    s, a, b, c = map(int, input().split())\n    e = s//c\n    print((a + b) * (s // (c * a)) + e%a)\n\n\n",
    "prob_desc_created_at": "1539269400",
    "tags": [
        "implementation",
        "math"
    ],
    "hidden_unit_tests": ""
}