{
    "prob_desc_time_limit": "0.5 seconds",
    "prob_desc_sample_outputs": "[\"50\", \"110\", \"0\"]",
    "src_uid": "9b1b082319d045cf0ec6d124f97a8184",
    "prob_desc_notes": "NoteIn sample 1 numbers 10 and 1 are beautiful, number 5 is not not.In sample 2 number 11 is not beautiful (contains two '1's), all others are beautiful.In sample 3 number 3 is not beautiful, all others are beautiful.",
    "prob_desc_description": "It's the year 4527 and the tanks game that we all know and love still exists. There also exists Great Gena's code, written in 2016. The problem this code solves is: given the number of tanks that go into the battle from each country, find their product. If it is turns to be too large, then the servers might have not enough time to assign tanks into teams and the whole game will collapse!There are exactly n distinct countries in the world and the i-th country added ai tanks to the game. As the developers of the game are perfectionists, the number of tanks from each country is beautiful. A beautiful number, according to the developers, is such number that its decimal representation consists only of digits '1' and '0', moreover it contains at most one digit '1'. However, due to complaints from players, some number of tanks of one country was removed from the game, hence the number of tanks of this country may not remain beautiful.Your task is to write the program that solves exactly the same problem in order to verify Gena's code correctness. Just in case.",
    "prob_desc_output_spec": "Print a single number without leading zeroes — the product of the number of tanks presented by each country.",
    "prob_desc_input_spec": "The first line of the input contains the number of countries n (1 ≤ n ≤ 100 000). The second line contains n non-negative integers ai without leading zeroes — the number of tanks of the i-th country. It is guaranteed that the second line contains at least n - 1 beautiful numbers and the total length of all these number's representations doesn't exceed 100 000.",
    "prob_desc_output_to": "standard output",
    "prob_desc_input_from": "standard input",
    "lang": "PyPy 3",
    "lang_cluster": "Python",
    "difficulty": 1400,
    "file_name": "train_005.jsonl",
    "code_uid": "31da23fc0f4086926cd12c10c0062e82",
    "prob_desc_memory_limit": "256 megabytes",
    "prob_desc_sample_inputs": "[\"3\\n5 10 1\", \"4\\n1 1 10 11\", \"5\\n0 3 1 100 1\"]",
    "exec_outcome": "PASSED",
    "source_code": "def check(string):\n\tif len(string) == 1:\n\t\treturn string[0] != '1'\n\tif string[0] != '1':\n\t\treturn True\n\tif any(s != '0' for s in string[1:]):\n\t\treturn True\n\treturn False\nif __name__ == \"__main__\":\n\tn = int(input())\n\tif n == 1:\n\t\tprint(input())\n\t\texit(0)\n\ttanks = [str(x) for x in input().split(' ')]\n\tfor x in tanks:\n\t\tif x == '0':\n\t\t\tprint(0)\n\t\t\texit(0)\n\tnot_b = '1'\n\tfor i in range(n):\n\t\tif check(tanks[i]):\n\t\t\tnot_b = tanks[i]\n\t\t\ttanks[i] = '_'\n\t\t\tbreak\n\n\tresult = [not_b]\n\tfor i, x in enumerate(tanks):\n\t\tif x != '_':\n\t\t\tresult.append('0' * (len(x) - 1))\n\tprint(''.join(result))\n\t\n",
    "prob_desc_created_at": "1452789300",
    "tags": [
        "implementation",
        "math"
    ],
    "hidden_unit_tests": ""
}