{
    "prob_desc_time_limit": "2 seconds",
    "prob_desc_sample_outputs": "[\"6\", \"3\", \"15\"]",
    "src_uid": "3eb23b7824d06b86be72c70b969be166",
    "prob_desc_notes": "NoteIn the first test case there are six good substrings: $$$s_1 \\dots s_2$$$, $$$s_1 \\dots s_4$$$, $$$s_1 \\dots s_5$$$, $$$s_3 \\dots s_4$$$, $$$s_3 \\dots s_5$$$ and $$$s_4 \\dots s_5$$$.In the second test case there are three good substrings: $$$s_1 \\dots s_2$$$, $$$s_1 \\dots s_3$$$ and $$$s_2 \\dots s_3$$$.",
    "prob_desc_description": "The string $$$t_1t_2 \\dots t_k$$$ is good if each letter of this string belongs to at least one palindrome of length greater than 1.A palindrome is a string that reads the same backward as forward. For example, the strings A, BAB, ABBA, BAABBBAAB are palindromes, but the strings AB, ABBBAA, BBBA are not.Here are some examples of good strings:   $$$t$$$ = AABBB (letters $$$t_1$$$, $$$t_2$$$ belong to palindrome $$$t_1 \\dots t_2$$$ and letters $$$t_3$$$, $$$t_4$$$, $$$t_5$$$ belong to palindrome $$$t_3 \\dots t_5$$$);  $$$t$$$ = ABAA (letters $$$t_1$$$, $$$t_2$$$, $$$t_3$$$ belong to palindrome $$$t_1 \\dots t_3$$$ and letter $$$t_4$$$ belongs to palindrome $$$t_3 \\dots t_4$$$);  $$$t$$$ = AAAAA (all letters belong to palindrome $$$t_1 \\dots t_5$$$); You are given a string $$$s$$$ of length $$$n$$$, consisting of only letters A and B.You have to calculate the number of good substrings of string $$$s$$$.",
    "prob_desc_output_spec": "Print one integer — the number of good substrings of string $$$s$$$.",
    "prob_desc_input_spec": "The first line contains one integer $$$n$$$ ($$$1 \\le n \\le 3 \\cdot 10^5$$$) — the length of the string $$$s$$$. The second line contains the string $$$s$$$, consisting of letters A and B.",
    "prob_desc_output_to": "standard output",
    "prob_desc_input_from": "standard input",
    "lang": "Python 3",
    "lang_cluster": "Python",
    "difficulty": 1900,
    "file_name": "train_016.jsonl",
    "code_uid": "730fc7648dd3e5bec9913f02f9977d17",
    "prob_desc_memory_limit": "256 megabytes",
    "prob_desc_sample_inputs": "[\"5\\nAABBB\", \"3\\nAAA\", \"7\\nAAABABB\"]",
    "exec_outcome": "PASSED",
    "source_code": "n = int(input())\ns = input()\nres = n * (n - 1) // 2\n\nfor x in range(2):\n\tcur = 1\n\tfor i in range(1, n):\n\t\tif s[i] == s[i - 1]:\n\t\t\tcur += 1\n\t\telse:\n\t\t\tres -= cur - x\n\t\t\tcur = 1\n\ts = s[::-1]\n\nprint(res) ",
    "prob_desc_created_at": "1570545300",
    "tags": [
        "dp",
        "combinatorics",
        "binary search",
        "strings"
    ],
    "hidden_unit_tests": ""
}