{
    "prob_desc_time_limit": "1 second",
    "prob_desc_sample_outputs": "[\"1\\n0\\n1337\"]",
    "src_uid": "dc67dd2102c70ea476df642b863ae8d3",
    "prob_desc_notes": "NoteThere is only one suitable pair in the first test case: $$$a = 1$$$, $$$b = 9$$$ ($$$1 + 9 + 1 \\cdot 9 = 19$$$).",
    "prob_desc_description": "You are given two integers $$$A$$$ and $$$B$$$, calculate the number of pairs $$$(a, b)$$$ such that $$$1 \\le a \\le A$$$, $$$1 \\le b \\le B$$$, and the equation $$$a \\cdot b + a + b = conc(a, b)$$$ is true; $$$conc(a, b)$$$ is the concatenation of $$$a$$$ and $$$b$$$ (for example, $$$conc(12, 23) = 1223$$$, $$$conc(100, 11) = 10011$$$). $$$a$$$ and $$$b$$$ should not contain leading zeroes.",
    "prob_desc_output_spec": "Print one integer — the number of pairs $$$(a, b)$$$ such that $$$1 \\le a \\le A$$$, $$$1 \\le b \\le B$$$, and the equation $$$a \\cdot b + a + b = conc(a, b)$$$ is true.",
    "prob_desc_input_spec": "The first line contains $$$t$$$ ($$$1 \\le t \\le 100$$$) — the number of test cases. Each test case contains two integers $$$A$$$ and $$$B$$$ $$$(1 \\le A, B \\le 10^9)$$$.",
    "prob_desc_output_to": "standard output",
    "prob_desc_input_from": "standard input",
    "lang": "Python 3",
    "lang_cluster": "Python",
    "difficulty": 1100,
    "file_name": "train_023.jsonl",
    "code_uid": "ea215df988ca773d780e59bf8f6efab1",
    "prob_desc_memory_limit": "256 megabytes",
    "prob_desc_sample_inputs": "[\"3\\n\\n1 11\\n\\n4 2\\n\\n191 31415926\"]",
    "exec_outcome": "PASSED",
    "source_code": "from  math import ceil\ndef ii():return int(input())\ndef mi():return map(int,input().split())\ndef li():return list(mi())\ndef si():return input()\nt=ii()\nwhile(t):\n    t-=1\n    a,b=mi()\n    x=9\n    c=0\n    while(b>=x):\n        c+=1\n        x=x*10+9\n    print(a*c)",
    "prob_desc_created_at": "1579012500",
    "tags": [
        "math"
    ],
    "hidden_unit_tests": ""
}