{
    "prob_desc_time_limit": "4 seconds",
    "prob_desc_sample_outputs": "[\"1\", \"3\"]",
    "src_uid": "ac4d58b5dfb61a27205a4fe2d3d5d268",
    "prob_desc_notes": "NoteIn the first example:$$$(0+1)(0^2 + 1^2) = 1 \\equiv 1 \\bmod 3$$$.$$$(0+2)(0^2 + 2^2) = 8 \\equiv 2 \\bmod 3$$$.$$$(1+2)(1^2 + 2^2) = 15 \\equiv 0 \\bmod 3$$$.So only $$$1$$$ pair satisfies the condition.In the second example, there are $$$3$$$ such pairs: $$$(1, 5)$$$, $$$(2, 3)$$$, $$$(4, 6)$$$.",
    "prob_desc_description": "You are given a prime number $$$p$$$, $$$n$$$ integers $$$a_1, a_2, \\ldots, a_n$$$, and an integer $$$k$$$. Find the number of pairs of indexes $$$(i, j)$$$ ($$$1 \\le i &lt; j \\le n$$$) for which $$$(a_i + a_j)(a_i^2 + a_j^2) \\equiv k \\bmod p$$$.",
    "prob_desc_output_spec": "Output a single integer — answer to the problem.",
    "prob_desc_input_spec": "The first line contains integers $$$n, p, k$$$ ($$$2 \\le n \\le 3 \\cdot 10^5$$$, $$$2 \\le p \\le 10^9$$$, $$$0 \\le k \\le p-1$$$). $$$p$$$ is guaranteed to be prime. The second line contains $$$n$$$ integers $$$a_1, a_2, \\ldots, a_n$$$ ($$$0 \\le a_i \\le p-1$$$). It is guaranteed that all elements are different.",
    "prob_desc_output_to": "standard output",
    "prob_desc_input_from": "standard input",
    "lang": "Python 3",
    "lang_cluster": "Python",
    "difficulty": 2300,
    "file_name": "train_007.jsonl",
    "code_uid": "cad5aac48e8bcd97589bf80def09cf82",
    "prob_desc_memory_limit": "256 megabytes",
    "prob_desc_sample_inputs": "[\"3 3 0\\n0 1 2\", \"6 7 2\\n1 2 3 4 5 6\"]",
    "exec_outcome": "PASSED",
    "source_code": "n,p,k = [int(i) for i in input().split()]\ndata =  [int(i) for i in input().split()]\ndic = {}\nfor d in data:\n    val = (pow(d, 4, p) - d * k)%p\n    if val in dic:\n        dic[val] += 1\n    else:\n        dic[val] = 1\nans = 0\nfor am in dic.values():\n    ans += (am * (am-1))//2\nprint(ans)",
    "prob_desc_created_at": "1562339100",
    "tags": [
        "number theory"
    ],
    "hidden_unit_tests": ""
}