{
    "prob_desc_time_limit": "2 seconds",
    "prob_desc_sample_outputs": "[\"6\", \"18\", \"3\"]",
    "src_uid": "8dbf81e0d2815382cec6488efd877b70",
    "prob_desc_notes": null,
    "prob_desc_description": "Recently Bob invented a new game with a tree (we should remind you, that a tree is a connected graph without cycles): he deletes any (possibly, zero) amount of edges of the tree, and counts the product of sizes of the connected components left after the deletion. Your task is to find out the maximum number that Bob can get in his new game for a given tree.",
    "prob_desc_output_spec": "Output the only number — the maximum product of sizes of the connected components, that Bob can get after deleting some of the tree's edges.",
    "prob_desc_input_spec": "The first input line contains integer number n (1 ≤ n ≤ 700) — amount of vertices in the tree. The following n - 1 lines contain the description of the edges. Each line contains the pair of vertices' indexes, joined by an edge, ai, bi (1 ≤ ai, bi ≤ n). It's guaranteed that the graph described in the input is a tree.",
    "prob_desc_output_to": "standard output",
    "prob_desc_input_from": "standard input",
    "lang": "Python 3",
    "lang_cluster": "Python",
    "difficulty": 2500,
    "file_name": "train_003.jsonl",
    "code_uid": "b1d804bd1ab8be7c9da80795dac0f620",
    "prob_desc_memory_limit": "256 megabytes",
    "prob_desc_sample_inputs": "[\"5\\n1 2\\n2 3\\n3 4\\n4 5\", \"8\\n1 2\\n1 3\\n2 4\\n2 5\\n3 6\\n3 7\\n6 8\", \"3\\n1 2\\n1 3\"]",
    "exec_outcome": "PASSED",
    "source_code": "from fractions import Fraction\nimport sys\n#print(sys.getrecursionlimit())\nsys.setrecursionlimit(1000*100)\nc = int(input())\nedges=dict((i,[]) for i in range(1,c+1))\nfor i in range(0,c-1):\n    a,b=tuple(map(int,input().split()))\n    edges[a].append(b)\n    edges[b].append(a)\n\n#print(edges.get(1,[]))\n#exit()\n\ndp=[None for i in range(c+1)]\n\ndef dfs(r,p):\n    #print(r)\n    if dp[r] is not None:\n        return dp[r]\n\n    children=filter(lambda x: x != p, edges[r])\n    cs=[dfs(i,r) for i in children]\n    #print(r,cs)\n    cs.sort(key=lambda x:Fraction(x[0],x[1]),reverse=True)\n    f=1\n    for c in cs:\n        f*=c[1]\n\n    h=f\n    k=1\n    m=f\n    for c in cs:\n        m=m//c[1]*c[0]\n        k+=1\n        #if m*k==24:\n            #print(\"aaa\")\n        h=max(h,m*k)\n\n    m=f\n    for c in cs:\n        k=2\n        a=f//c[1]*c[0]\n        h=max(h,a*k)\n        for d in c[2]:\n            a=a//d[1]*d[0]\n            k+=1\n            #if a*k==24:\n                #print(\"bbb\",a,k,c,d)\n            h=max(h,a*k)\n\n    dp[r]=(f,h,cs)\n    #print(r,dp[r])\n    return dp[r]\n\nprint(dfs(1,0)[1])\n\n\n\n\n\n\n\n\n\n\n\n\n\n\n",
    "prob_desc_created_at": "1278687600",
    "tags": [
        "dp"
    ],
    "hidden_unit_tests": ""
}