{
    "prob_desc_time_limit": "1 second",
    "prob_desc_sample_outputs": "[\"10\", \"5\"]",
    "src_uid": "98de093d78f74273e0ac5c7886fb7a41",
    "prob_desc_notes": null,
    "prob_desc_description": "Find the number of k-divisible numbers on the segment [a, b]. In other words you need to find the number of such integer values x that a ≤ x ≤ b and x is divisible by k.",
    "prob_desc_output_spec": "Print the required number.",
    "prob_desc_input_spec": "The only line contains three space-separated integers k, a and b (1 ≤ k ≤ 1018; - 1018 ≤ a ≤ b ≤ 1018).",
    "prob_desc_output_to": "standard output",
    "prob_desc_input_from": "standard input",
    "lang": "PyPy 3",
    "lang_cluster": "Python",
    "difficulty": 1600,
    "file_name": "train_025.jsonl",
    "code_uid": "046a796fad60fa208472a4a31dbd992b",
    "prob_desc_memory_limit": "256 megabytes",
    "prob_desc_sample_inputs": "[\"1 1 10\", \"2 -4 4\"]",
    "exec_outcome": "PASSED",
    "source_code": "k,a,b=map(int,input().split())\nans=(b-a)//k\nif (a%k==0)or(b%k==0)or((b-a)%k+a%k>=k):\n    ans+=1\nprint(ans)",
    "prob_desc_created_at": "1447264800",
    "tags": [
        "math"
    ],
    "hidden_unit_tests": ""
}