{
    "prob_desc_time_limit": "1 second",
    "prob_desc_sample_outputs": "[\"1\", \"0\", \"2\"]",
    "src_uid": "62a672fcaee8be282700176803c623a7",
    "prob_desc_notes": "NoteIn the first sample AI's name may be replaced with \"int#llect\".In the second sample Gogol can just keep things as they are.In the third sample one of the new possible names of AI may be \"s#ris#ri\".",
    "prob_desc_description": "A long time ago, in a galaxy far far away two giant IT-corporations Pineapple and Gogol continue their fierce competition. Crucial moment is just around the corner: Gogol is ready to release it's new tablet Lastus 3000.This new device is equipped with specially designed artificial intelligence (AI). Employees of Pineapple did their best to postpone the release of Lastus 3000 as long as possible. Finally, they found out, that the name of the new artificial intelligence is similar to the name of the phone, that Pineapple released 200 years ago. As all rights on its name belong to Pineapple, they stand on changing the name of Gogol's artificial intelligence.Pineapple insists, that the name of their phone occurs in the name of AI as a substring. Because the name of technology was already printed on all devices, the Gogol's director decided to replace some characters in AI name with \"#\". As this operation is pretty expensive, you should find the minimum number of characters to replace with \"#\", such that the name of AI doesn't contain the name of the phone as a substring.Substring is a continuous subsequence of a string.",
    "prob_desc_output_spec": "Print the minimum number of characters that must be replaced with \"#\" in order to obtain that the name of the phone doesn't occur in the name of AI as a substring.",
    "prob_desc_input_spec": "The first line of the input contains the name of AI designed by Gogol, its length doesn't exceed 100 000 characters. Second line contains the name of the phone released by Pineapple 200 years ago, its length doesn't exceed 30. Both string are non-empty and consist of only small English letters.",
    "prob_desc_output_to": "standard output",
    "prob_desc_input_from": "standard input",
    "lang": "PyPy 3",
    "lang_cluster": "Python",
    "difficulty": 1200,
    "file_name": "train_000.jsonl",
    "code_uid": "82da8dbc1eee5c17f97ee53c9dbb0227",
    "prob_desc_memory_limit": "256 megabytes",
    "prob_desc_sample_inputs": "[\"intellect\\ntell\", \"google\\napple\", \"sirisiri\\nsir\"]",
    "exec_outcome": "PASSED",
    "source_code": "s1=input()\ns2=input()\n\nprint(s1.count(s2))",
    "prob_desc_created_at": "1454835900",
    "tags": [
        "constructive algorithms",
        "greedy",
        "strings"
    ],
    "hidden_unit_tests": ""
}