{
    "prob_desc_time_limit": "1 second",
    "prob_desc_sample_outputs": "[\"3\", \"3\", \"1\"]",
    "src_uid": "e95aee4975b391e750123b7ead3eb0d4",
    "prob_desc_notes": "NoteConsider the first example. Manao can create a pile of three 'A's using the folding \"AB|RACAD|ABRA\", which results in the following structure: ABRADACAR   ABIn the second example, Manao can create a pile of three 'B's using the following folding: \"AB|BB|CBDB\". CBDBBBABAnother way for Manao to create a pile of three 'B's with \"ABBBCBDB\" is the following folding: \"AB|B|BCBDB\".  BCBDB BABIn the third example, there are no folds performed and the string is just written in one line.",
    "prob_desc_description": "You will receive 5 points for solving this problem.Manao has invented a new operation on strings that is called folding. Each fold happens between a pair of consecutive letters and places the second part of the string above first part, running in the opposite direction and aligned to the position of the fold. Using this operation, Manao converts the string into a structure that has one more level than there were fold operations performed. See the following examples for clarity.We will denote the positions of folds with '|' characters. For example, the word \"ABRACADABRA\" written as \"AB|RACA|DAB|RA\" indicates that it has been folded three times: first, between the leftmost pair of 'B' and 'R' letters; second, between 'A' and 'D'; and third, between the rightmost pair of 'B' and 'R' letters. Here are several examples of folded strings:\"ABCDEF|GHIJK\" |  \"A|BCDEFGHIJK\" |  \"AB|RACA|DAB|RA\" |  \"X|XXXXX|X|X|XXXXXX\"               |                 |                   |       XXXXXX    KJIHG      |   KJIHGFEDCB    |      AR           |       X   ABCDEF      |            A    |     DAB           |       X               |                 |     ACAR          |       XXXXX               |                 |       AB          |           XOne last example for \"ABCD|EFGH|IJ|K\":  KIJHGFEABCDManao noticed that each folded string can be viewed as several piles of letters. For instance, in the previous example, there are four piles, which can be read as \"AHI\", \"BGJK\", \"CF\", and \"DE\" from bottom to top. Manao wonders what is the highest pile of identical letters he can build using fold operations on a given word. Note that the pile should not contain gaps and should start at the bottom level. For example, in the rightmost of the four examples above, none of the piles would be considered valid since each of them has gaps, starts above the bottom level, or both.",
    "prob_desc_output_spec": "Print a single integer — the size of the largest pile composed of identical characters that can be seen in a valid result of folding operations on the given string.",
    "prob_desc_input_spec": "The input will consist of one line containing a single string of n characters with 1 ≤ n ≤ 1000 and no spaces. All characters of the string will be uppercase letters. This problem doesn't have subproblems. You will get 5 points for the correct submission.",
    "prob_desc_output_to": "standard output",
    "prob_desc_input_from": "standard input",
    "lang": "Python 3",
    "lang_cluster": "Python",
    "difficulty": null,
    "file_name": "train_013.jsonl",
    "code_uid": "1bb1ed167e98293ae2b0fcfc941bb97e",
    "prob_desc_memory_limit": "256 megabytes",
    "prob_desc_sample_inputs": "[\"ABRACADABRA\", \"ABBBCBDB\", \"AB\"]",
    "exec_outcome": "PASSED",
    "source_code": "t = {}\nfor i, c in enumerate(input()):\n    if c not in t: t[c] = (i, 1)\n    elif (t[c][0] - i) & 1: t[c] = (i, t[c][1] + 1)\nprint(max(b for a, b in t.values()))\n",
    "prob_desc_created_at": "1392573600",
    "tags": [
        "brute force"
    ],
    "hidden_unit_tests": ""
}