{
    "prob_desc_time_limit": "1 second",
    "prob_desc_sample_outputs": "[\"11\", \"10\", \"6\"]",
    "src_uid": "ce27e56433175ebf9d3bbcb97e71091e",
    "prob_desc_notes": "NoteLook at the first example. Consider the order of subjects: 1, 2. When you teach Devu the first subject, it will take him 3 hours per chapter, so it will take 12 hours to teach first subject. After teaching first subject, his per chapter learning time will be 2 hours. Now teaching him second subject will take 2 × 1 = 2 hours. Hence you will need to spend 12 + 2 = 14 hours.Consider the order of subjects: 2, 1. When you teach Devu the second subject, then it will take him 3 hours per chapter, so it will take 3 × 1 = 3 hours to teach the second subject. After teaching the second subject, his per chapter learning time will be 2 hours. Now teaching him the first subject will take 2 × 4 = 8 hours. Hence you will need to spend 11 hours.So overall, minimum of both the cases is 11 hours.Look at the third example. The order in this example doesn't matter. When you teach Devu the first subject, it will take him 3 hours per chapter. When you teach Devu the second subject, it will take him 2 hours per chapter. When you teach Devu the third subject, it will take him 1 hours per chapter. In total it takes 6 hours.",
    "prob_desc_description": "Devu is a dumb guy, his learning curve is very slow. You are supposed to teach him n subjects, the ith subject has ci chapters. When you teach him, you are supposed to teach all the chapters of a subject continuously.Let us say that his initial per chapter learning power of a subject is x hours. In other words he can learn a chapter of a particular subject in x hours.Well Devu is not complete dumb, there is a good thing about him too. If you teach him a subject, then time required to teach any chapter of the next subject will require exactly 1 hour less than previously required (see the examples to understand it more clearly). Note that his per chapter learning power can not be less than 1 hour.You can teach him the n subjects in any possible order. Find out minimum amount of time (in hours) Devu will take to understand all the subjects and you will be free to do some enjoying task rather than teaching a dumb guy.Please be careful that answer might not fit in 32 bit data type.",
    "prob_desc_output_spec": "Output a single integer representing the answer to the problem.",
    "prob_desc_input_spec": "The first line will contain two space separated integers n, x (1 ≤ n, x ≤ 105). The next line will contain n space separated integers: c1, c2, ..., cn (1 ≤ ci ≤ 105).",
    "prob_desc_output_to": "standard output",
    "prob_desc_input_from": "standard input",
    "lang": "PyPy 2",
    "lang_cluster": "Python",
    "difficulty": 1200,
    "file_name": "train_001.jsonl",
    "code_uid": "acbbb7541d71919d6f219122ec32c10b",
    "prob_desc_memory_limit": "256 megabytes",
    "prob_desc_sample_inputs": "[\"2 3\\n4 1\", \"4 2\\n5 1 2 1\", \"3 3\\n1 1 1\"]",
    "exec_outcome": "PASSED",
    "source_code": "n, x = map(int, raw_input().split())\nc = list(map(int, raw_input().split()))\n\nc.sort()\ncount = 0\n\nfor i in range(n):\n    if x < 1:\n        x = 1\n    count += c[i] * x\n    x -= 1\n\nprint count",
    "prob_desc_created_at": "1401895800",
    "tags": [
        "implementation",
        "sortings"
    ],
    "hidden_unit_tests": ""
}