{
    "prob_desc_time_limit": "1 second",
    "prob_desc_sample_outputs": "[\"YES\", \"NO\"]",
    "src_uid": "9438ce92e10e846dd3ab7c61a1a2e3af",
    "prob_desc_notes": "NoteIn the first sample you can press each button once and turn on all the bulbs. In the 2 sample it is impossible to turn on the 3-rd lamp.",
    "prob_desc_description": "Vasya wants to turn on Christmas lights consisting of m bulbs. Initially, all bulbs are turned off. There are n buttons, each of them is connected to some set of bulbs. Vasya can press any of these buttons. When the button is pressed, it turns on all the bulbs it's connected to. Can Vasya light up all the bulbs?If Vasya presses the button such that some bulbs connected to it are already turned on, they do not change their state, i.e. remain turned on.",
    "prob_desc_output_spec": "If it's possible to turn on all m bulbs print \"YES\", otherwise print \"NO\".",
    "prob_desc_input_spec": "The first line of the input contains integers n and m (1 ≤ n, m ≤ 100) — the number of buttons and the number of bulbs respectively.  Each of the next n lines contains xi (0 ≤ xi ≤ m) — the number of bulbs that are turned on by the i-th button, and then xi numbers yij (1 ≤ yij ≤ m) — the numbers of these bulbs.",
    "prob_desc_output_to": "standard output",
    "prob_desc_input_from": "standard input",
    "lang": "PyPy 2",
    "lang_cluster": "Python",
    "difficulty": 800,
    "file_name": "train_003.jsonl",
    "code_uid": "0eccfac8145e4be93a2b0971567dbc98",
    "prob_desc_memory_limit": "256 megabytes",
    "prob_desc_sample_inputs": "[\"3 4\\n2 1 4\\n3 1 3 1\\n1 2\", \"3 3\\n1 1\\n1 2\\n1 1\"]",
    "exec_outcome": "PASSED",
    "source_code": "import bisect\nfrom collections import defaultdict\nfrom collections import deque\nimport math\nimport re\n\ndef ni():\n    return int(raw_input())\n\ndef nis():\n    return map(int, raw_input().split())\n\ndef si():\n    return raw_input()\n\ndef sis():\n    return raw_input().split()\n\nn, m = nis()\n\non = set()\nfor _ in range(n):\n    b = nis()\n    for x in b[1:]:\n        on.add(x)\n\nprint 'YES' if len(on) == m else 'NO'",
    "prob_desc_created_at": "1452261900",
    "tags": [
        "implementation"
    ],
    "hidden_unit_tests": ""
}