{
    "prob_desc_time_limit": "1 second",
    "prob_desc_sample_outputs": "[\"3\\n4 6 12\", \"-1\"]",
    "src_uid": "dfe5af743c9e23e98e6c9c5c319d2126",
    "prob_desc_notes": "NoteIn the first example 2 = gcd(4, 6), the other elements from the set appear in the sequence, and we can show that there are no values different from 2, 4, 6 and 12 among gcd(ai, ai + 1, ..., aj) for every 1 ≤ i ≤ j ≤ n.",
    "prob_desc_description": "In a dream Marco met an elderly man with a pair of black glasses. The man told him the key to immortality and then disappeared with the wind of time.When he woke up, he only remembered that the key was a sequence of positive integers of some length n, but forgot the exact sequence. Let the elements of the sequence be a1, a2, ..., an. He remembered that he calculated gcd(ai, ai + 1, ..., aj) for every 1 ≤ i ≤ j ≤ n and put it into a set S. gcd here means the greatest common divisor.Note that even if a number is put into the set S twice or more, it only appears once in the set.Now Marco gives you the set S and asks you to help him figure out the initial sequence. If there are many solutions, print any of them. It is also possible that there are no sequences that produce the set S, in this case print -1.",
    "prob_desc_output_spec": "If there is no solution, print a single line containing -1. Otherwise, in the first line print a single integer n denoting the length of the sequence, n should not exceed 4000. In the second line print n integers a1, a2, ..., an (1 ≤ ai ≤ 106) — the sequence. We can show that if a solution exists, then there is a solution with n not exceeding 4000 and ai not exceeding 106. If there are multiple solutions, print any of them.",
    "prob_desc_input_spec": "The first line contains a single integer m (1 ≤ m ≤ 1000) — the size of the set S. The second line contains m integers s1, s2, ..., sm (1 ≤ si ≤ 106) — the elements of the set S. It's guaranteed that the elements of the set are given in strictly increasing order, that means s1 &lt; s2 &lt; ... &lt; sm.",
    "prob_desc_output_to": "standard output",
    "prob_desc_input_from": "standard input",
    "lang": "Python 3",
    "lang_cluster": "Python",
    "difficulty": 1900,
    "file_name": "train_012.jsonl",
    "code_uid": "39544a59f4811e66a7ba6090a916e087",
    "prob_desc_memory_limit": "256 megabytes",
    "prob_desc_sample_inputs": "[\"4\\n2 4 6 12\", \"2\\n2 3\"]",
    "exec_outcome": "PASSED",
    "source_code": "n=int(input())\na=list(map(int,input().split()))\ncur=a[-1]\nfrom math import gcd\nfor i in range(1,n-1):\n    cur=gcd(cur,a[i])\nif (cur %a[0]!=0) and (a[0]!=1):\n    print(-1)\nelse:\n    print(2*n)\n    for i in a:\n        print(i,a[0],end=' ')\n",
    "prob_desc_created_at": "1511099700",
    "tags": [
        "constructive algorithms",
        "math"
    ],
    "hidden_unit_tests": ""
}