{
    "prob_desc_time_limit": "1 second",
    "prob_desc_sample_outputs": "[\"7 1\\n-1\\n1 3\"]",
    "src_uid": "17cf2d6f59773925b228188b5a47b710",
    "prob_desc_notes": "NoteThere are many different answers for the first test case; $$$x = 7$$$, $$$y = 1$$$ is only one of them. For example, $$$x = 3$$$, $$$y = 1$$$ is also correct.$$$x = 1$$$, $$$y = 3$$$ is the only correct answer for the third test case.",
    "prob_desc_description": "Tomorrow is a difficult day for Polycarp: he has to attend $$$a$$$ lectures and $$$b$$$ practical classes at the university! Since Polycarp is a diligent student, he is going to attend all of them.While preparing for the university, Polycarp wonders whether he can take enough writing implements to write all of the lectures and draw everything he has to during all of the practical classes. Polycarp writes lectures using a pen (he can't use a pencil to write lectures!); he can write down $$$c$$$ lectures using one pen, and after that it runs out of ink. During practical classes Polycarp draws blueprints with a pencil (he can't use a pen to draw blueprints!); one pencil is enough to draw all blueprints during $$$d$$$ practical classes, after which it is unusable.Polycarp's pencilcase can hold no more than $$$k$$$ writing implements, so if Polycarp wants to take $$$x$$$ pens and $$$y$$$ pencils, they will fit in the pencilcase if and only if $$$x + y \\le k$$$.Now Polycarp wants to know how many pens and pencils should he take. Help him to determine it, or tell that his pencilcase doesn't have enough room for all the implements he needs tomorrow!Note that you don't have to minimize the number of writing implements (though their total number must not exceed $$$k$$$).",
    "prob_desc_output_spec": "For each test case, print the answer as follows: If the pencilcase can't hold enough writing implements to use them during all lectures and practical classes, print one integer $$$-1$$$. Otherwise, print two non-negative integers $$$x$$$ and $$$y$$$ — the number of pens and pencils Polycarp should put in his pencilcase. If there are multiple answers, print any of them. Note that you don't have to minimize the number of writing implements (though their total number must not exceed $$$k$$$).",
    "prob_desc_input_spec": "The first line of the input contains one integer $$$t$$$ ($$$1 \\le t \\le 100$$$) — the number of test cases in the input. Then the test cases follow. Each test case is described by one line containing five integers $$$a$$$, $$$b$$$, $$$c$$$, $$$d$$$ and $$$k$$$, separated by spaces ($$$1 \\le a, b, c, d, k \\le 100$$$) — the number of lectures Polycarp has to attend, the number of practical classes Polycarp has to attend, the number of lectures which can be written down using one pen, the number of practical classes for which one pencil is enough, and the number of writing implements that can fit into Polycarp's pencilcase, respectively. In hacks it is allowed to use only one test case in the input, so $$$t = 1$$$ should be satisfied.",
    "prob_desc_output_to": "standard output",
    "prob_desc_input_from": "standard input",
    "lang": "Python 3",
    "lang_cluster": "Python",
    "difficulty": 800,
    "file_name": "train_016.jsonl",
    "code_uid": "696a8af2f89713a9190faa06f14f907b",
    "prob_desc_memory_limit": "256 megabytes",
    "prob_desc_sample_inputs": "[\"3\\n7 5 4 5 8\\n7 5 4 5 2\\n20 53 45 26 4\"]",
    "exec_outcome": "PASSED",
    "source_code": "n = int(input())\nfor i in range(n):\n  a, b, c, d, k = map(int, input().strip().split())\n  from math import ceil \n  n = ceil(a / c)\n  m = ceil(b / d)\n  if (n + m <= k):\n    print(n, m)\n  else:\n    print(-1)\n",
    "prob_desc_created_at": "1570957500",
    "tags": [
        "math"
    ],
    "hidden_unit_tests": ""
}