{
    "prob_desc_time_limit": "2 seconds",
    "prob_desc_sample_outputs": "[\"NO\\nYES\\nYES\"]",
    "src_uid": "9037f487a426ead347baa803955b2c00",
    "prob_desc_notes": "NoteIn the first test case, it is impossible to build the fence, since there is no regular polygon with angle .In the second test case, the fence is a regular triangle, and in the last test case — a square.",
    "prob_desc_description": "Emuskald needs a fence around his farm, but he is too lazy to build it himself. So he purchased a fence-building robot.He wants the fence to be a regular polygon. The robot builds the fence along a single path, but it can only make fence corners at a single angle a.Will the robot be able to build the fence Emuskald wants? In other words, is there a regular polygon which angles are equal to a?",
    "prob_desc_output_spec": "For each test, output on a single line \"YES\" (without quotes), if the robot can build a fence Emuskald wants, and \"NO\" (without quotes), if it is impossible.",
    "prob_desc_input_spec": "The first line of input contains an integer t (0 &lt; t &lt; 180) — the number of tests. Each of the following t lines contains a single integer a (0 &lt; a &lt; 180) — the angle the robot can make corners at measured in degrees.",
    "prob_desc_output_to": "standard output",
    "prob_desc_input_from": "standard input",
    "lang": "Python 3",
    "lang_cluster": "Python",
    "difficulty": 1100,
    "file_name": "train_015.jsonl",
    "code_uid": "adf002cd9ffcb47458a23d5e21b3f6d8",
    "prob_desc_memory_limit": "256 megabytes",
    "prob_desc_sample_inputs": "[\"3\\n30\\n60\\n90\"]",
    "exec_outcome": "PASSED",
    "source_code": "for _ in range(int(input())):\n\tprint(['YES','NO'][bool(360%(180-int(input())))])",
    "prob_desc_created_at": "1359732600",
    "tags": [
        "implementation",
        "geometry",
        "math"
    ],
    "hidden_unit_tests": ""
}