{
    "prob_desc_time_limit": "1 second",
    "prob_desc_sample_outputs": "[\"1\\n2\", \"2\\n3 4\", \"-1\"]",
    "src_uid": "5bb8347fd91f00245c3acb4a5eeaf17f",
    "prob_desc_notes": null,
    "prob_desc_description": "You are given an undirected graph that consists of n vertices and m edges. Initially, each edge is colored either red or blue. Each turn a player picks a single vertex and switches the color of all edges incident to it. That is, all red edges with an endpoint in this vertex change the color to blue, while all blue edges with an endpoint in this vertex change the color to red.Find the minimum possible number of moves required to make the colors of all edges equal.",
    "prob_desc_output_spec": "If there is no way to make the colors of all edges equal output  - 1 in the only line of the output. Otherwise first output k — the minimum number of moves required to achieve the goal, then output k integers a1, a2, ..., ak, where ai is equal to the index of the vertex that should be used at the i-th move. If there are multiple optimal sequences of moves, output any of them.",
    "prob_desc_input_spec": "The first line of the input contains two integers n and m (1 ≤ n, m ≤ 100 000) — the number of vertices and edges, respectively. The following m lines provide the description of the edges, as the i-th of them contains two integers ui and vi (1 ≤ ui, vi ≤ n, ui ≠ vi) — the indices of the vertices connected by the i-th edge, and a character ci () providing the initial color of this edge. If ci equals 'R', then this edge is initially colored red. Otherwise, ci is equal to 'B' and this edge is initially colored blue. It's guaranteed that there are no self-loops and multiple edges.",
    "prob_desc_output_to": "standard output",
    "prob_desc_input_from": "standard input",
    "lang": "Python 3",
    "lang_cluster": "Python",
    "difficulty": 2200,
    "file_name": "train_002.jsonl",
    "code_uid": "aecfdaee4114ac7d34901855415dcc66",
    "prob_desc_memory_limit": "256 megabytes",
    "prob_desc_sample_inputs": "[\"3 3\\n1 2 B\\n3 1 R\\n3 2 B\", \"6 5\\n1 3 R\\n2 3 R\\n3 4 B\\n4 5 R\\n4 6 R\", \"4 5\\n1 2 R\\n1 3 R\\n2 3 B\\n3 4 B\\n1 4 B\"]",
    "exec_outcome": "PASSED",
    "source_code": "from collections import deque\n \nn, m = map(int, input().split())\nadj = [[] for i in range(n)]\nfor i in range(m):\n    u, v, c = input().split()\n    u, v = int(u)-1, int(v)-1\n    adj[u].append((v, c))\n    adj[v].append((u, c))\n \nvisited = S = T = None\n \ndef bfs(i, k):\n    q = deque([(i, 0)])\n    while q:\n        u, p = q.pop()\n \n        if visited[u] >= 0:\n            if visited[u] == p: continue\n            else: return False\n \n        visited[u] = p\n        if p: S.append(u)\n        else: T.append(u)\n \n        for v, c in adj[u]:\n            nxt = p if c == k else p^1\n            q.appendleft((v, nxt))\n \n    return True\n \ndef solve(k):\n    global visited, S, T\n    visited = [-1]*n\n    res = []\n    for i in range(n):\n        if visited[i] < 0:\n            S, T = [], []\n            if not bfs(i, k):\n                return [0]*(n+1)\n            else:\n                res.extend(S if len(S) < len(T) else T)\n    return res\n \nres1 = solve(\"R\")\nres2 = solve(\"B\")\n \nif min(len(res1), len(res2)) > n:\n    print (-1)\nelse:\n    print (min(len(res1), len(res2)))\n    print (\" \".join(map(lambda x: str(x+1), res1 if len(res1) < len(res2) else res2)))\n",
    "prob_desc_created_at": "1460729700",
    "tags": [
        "dfs and similar",
        "graphs"
    ],
    "hidden_unit_tests": ""
}