{
    "prob_desc_time_limit": "1 second",
    "prob_desc_sample_outputs": "[\"Infinite\\nFinite\\nInfinite\\nFinite\"]",
    "src_uid": "388450021f2f33177d905879485bb531",
    "prob_desc_notes": null,
    "prob_desc_description": "Consider the set of all nonnegative integers: $$${0, 1, 2, \\dots}$$$. Given two integers $$$a$$$ and $$$b$$$ ($$$1 \\le a, b \\le 10^4$$$). We paint all the numbers in increasing number first we paint $$$0$$$, then we paint $$$1$$$, then $$$2$$$ and so on.Each number is painted white or black. We paint a number $$$i$$$ according to the following rules:    if $$$i = 0$$$, it is colored white;   if $$$i \\ge a$$$ and $$$i - a$$$ is colored white, $$$i$$$ is also colored white;   if $$$i \\ge b$$$ and $$$i - b$$$ is colored white, $$$i$$$ is also colored white;   if $$$i$$$ is still not colored white, it is colored black. In this way, each nonnegative integer gets one of two colors.For example, if $$$a=3$$$, $$$b=5$$$, then the colors of the numbers (in the order from $$$0$$$) are: white ($$$0$$$), black ($$$1$$$), black ($$$2$$$), white ($$$3$$$), black ($$$4$$$), white ($$$5$$$), white ($$$6$$$), black ($$$7$$$), white ($$$8$$$), white ($$$9$$$), ...Note that:    It is possible that there are infinitely many nonnegative integers colored black. For example, if $$$a = 10$$$ and $$$b = 10$$$, then only $$$0, 10, 20, 30$$$ and any other nonnegative integers that end in $$$0$$$ when written in base 10 are white. The other integers are colored black.   It is also possible that there are only finitely many nonnegative integers colored black. For example, when $$$a = 1$$$ and $$$b = 10$$$, then there is no nonnegative integer colored black at all. Your task is to determine whether or not the number of nonnegative integers colored black is infinite.If there are infinitely many nonnegative integers colored black, simply print a line containing \"Infinite\" (without the quotes). Otherwise, print \"Finite\" (without the quotes).",
    "prob_desc_output_spec": "For each test case, print one line containing either \"Infinite\" or \"Finite\" (without the quotes). Output is case-insensitive (i.e. \"infinite\", \"inFiNite\" or \"finiTE\" are all valid answers).",
    "prob_desc_input_spec": "The first line of input contains a single integer $$$t$$$ ($$$1 \\le t \\le 100$$$) — the number of test cases in the input. Then $$$t$$$ lines follow, each line contains two space-separated integers $$$a$$$ and $$$b$$$ ($$$1 \\le a, b \\le 10^4$$$).",
    "prob_desc_output_to": "standard output",
    "prob_desc_input_from": "standard input",
    "lang": "PyPy 3",
    "lang_cluster": "Python",
    "difficulty": 1000,
    "file_name": "train_005.jsonl",
    "code_uid": "660aeacbab8aee24d13269408d58f40f",
    "prob_desc_memory_limit": "256 megabytes",
    "prob_desc_sample_inputs": "[\"4\\n10 10\\n1 10\\n6 9\\n7 3\"]",
    "exec_outcome": "PASSED",
    "source_code": "tests = int(input())\nfor _ in range(tests):\n    n, k = map(int, input().split())\n    n, k = max(n, k), min(n, k)\n    while n % k != 0:\n        n %= k\n        n, k = k, n\n    if k == 1:\n        print(\"Finite\")\n    else:\n        print(\"Infinite\")\n",
    "prob_desc_created_at": "1572618900",
    "tags": [
        "number theory",
        "math"
    ],
    "hidden_unit_tests": ""
}