{
    "prob_desc_time_limit": "1 second",
    "prob_desc_sample_outputs": "[\"3\\n3\"]",
    "src_uid": "e59cddb6c941b1d7556ee9c020701007",
    "prob_desc_notes": "NoteIn the first query of the example you can apply the following sequence of operations to obtain $$$3$$$ elements divisible by $$$3$$$: $$$[3, 1, 2, 3, 1] \\rightarrow [3, 3, 3, 1]$$$.In the second query you can obtain $$$3$$$ elements divisible by $$$3$$$ with the following sequence of operations: $$$[1, 1, 1, 1, 1, 2, 2] \\rightarrow [1, 1, 1, 1, 2, 3] \\rightarrow [1, 1, 1, 3, 3] \\rightarrow [2, 1, 3, 3] \\rightarrow [3, 3, 3]$$$.",
    "prob_desc_description": "You are given an array $$$a$$$ consisting of $$$n$$$ integers $$$a_1, a_2, \\dots , a_n$$$.In one operation you can choose two elements of the array and replace them with the element equal to their sum (it does not matter where you insert the new element). For example, from the array $$$[2, 1, 4]$$$ you can obtain the following arrays: $$$[3, 4]$$$, $$$[1, 6]$$$ and $$$[2, 5]$$$.Your task is to find the maximum possible number of elements divisible by $$$3$$$ that are in the array after performing this operation an arbitrary (possibly, zero) number of times.You have to answer $$$t$$$ independent queries.",
    "prob_desc_output_spec": "For each query print one integer in a single line — the maximum possible number of elements divisible by $$$3$$$ that are in the array after performing described operation an arbitrary (possibly, zero) number of times.",
    "prob_desc_input_spec": "The first line contains one integer $$$t$$$ ($$$1 \\le t \\le 1000$$$) — the number of queries. The first line of each query contains one integer $$$n$$$ ($$$1 \\le n \\le 100$$$). The second line of each query contains $$$n$$$ integers $$$a_1, a_2, \\dots , a_n$$$ ($$$1 \\le a_i \\le 10^9$$$). ",
    "prob_desc_output_to": "standard output",
    "prob_desc_input_from": "standard input",
    "lang": "PyPy 2",
    "lang_cluster": "Python",
    "difficulty": 1100,
    "file_name": "train_005.jsonl",
    "code_uid": "c9097d60a41b23272809a3b2b60fabb1",
    "prob_desc_memory_limit": "256 megabytes",
    "prob_desc_sample_inputs": "[\"2\\n5\\n3 1 2 3 1\\n7\\n1 1 1 1 1 2 2\"]",
    "exec_outcome": "PASSED",
    "source_code": "#import resource\nimport sys\n#resource.setrlimit(resource.RLIMIT_STACK, [0x100000000, resource.RLIM_INFINITY])\n#import threading\n#threading.Thread(target=main).start()\n#threading.stack_size(2**26)\n#sys.setrecursionlimit(10**6)\nmod=(10**9)+7\nfact=[1]\n#for i in range(1,100001):\n#    fact.append((fact[-1]*i)%mod)\n#ifact=[0]*10000001\n#ifact[10000000]=pow(fact[10000000],mod-2,mod)\n#for i in range(10000000,0,-1):\n#    ifact[i-1]=(i*ifact[i])%mod\nfrom sys import stdin, stdout\nfrom bisect import bisect_left as bl\nfrom bisect import bisect_right as br\nimport itertools\nimport math\nimport heapq\nfrom random import randint as rn\nfrom Queue import Queue as Q\ndef modinv(n,p):\n    return pow(n,p-2,p)\ndef ncr(n,r,p):\n    t=((fact[n])*((ifact[r]*ifact[n-r])%p))%p\n    return t\ndef ain():\n    return map(int,sin().split())\ndef sin():\n    return stdin.readline()\ndef GCD(x,y):\n    while(y):\n        x, y = y, x % y\n    return x\ndef isprime(x):\n    if(x==1):\n        return False\n    elif(x<4):\n        return True\n    for i in range(2,int(math.sqrt(x))+1):\n        if(x%i==0):\n            return False\n    return True\n\"\"\"**************************************************************************\"\"\"\nfor _ in range(input()):\n    n=input()\n    a=ain()\n    b=[0,0,0]\n    for i in range(n):\n        b[a[i]%3]+=1\n    x=min(b[1],b[2])\n    y=max(b[1],b[2])\n    ans=b[0]+x\n    y-=x\n    y/=3\n    ans+=y\n    print ans\n",
    "prob_desc_created_at": "1560090900",
    "tags": [
        "math"
    ],
    "hidden_unit_tests": ""
}