{
    "prob_desc_time_limit": "0.5 seconds",
    "prob_desc_sample_outputs": "[\"29\"]",
    "src_uid": "09276406e16b46fbefd6f8c9650472f0",
    "prob_desc_notes": null,
    "prob_desc_description": "One company of IT City decided to create a group of innovative developments consisting from 5 to 7 people and hire new employees for it. After placing an advertisment the company received n resumes. Now the HR department has to evaluate each possible group composition and select one of them. Your task is to count the number of variants of group composition to evaluate.",
    "prob_desc_output_spec": "Output one integer — the number of different variants of group composition.",
    "prob_desc_input_spec": "The only line of the input contains one integer n (7 ≤ n ≤ 777) — the number of potential employees that sent resumes.",
    "prob_desc_output_to": "standard output",
    "prob_desc_input_from": "standard input",
    "lang": "PyPy 2",
    "lang_cluster": "Python",
    "difficulty": 1300,
    "file_name": "train_001.jsonl",
    "code_uid": "d028cdefcd5a2b230d78d25a0bf96b70",
    "prob_desc_memory_limit": "64 megabytes",
    "prob_desc_sample_inputs": "[\"7\"]",
    "exec_outcome": "PASSED",
    "source_code": "W = int(raw_input())\n\ndef ncr(n, r):\n    res = 1\n    for i in xrange(r + 1, n + 1):\n        res *= i\n    for i in xrange(1, n - r + 1):\n        res /= i\n    return res\n\nprint ncr(W, 5) + ncr(W, 6) + ncr(W, 7)",
    "prob_desc_created_at": "1455807600",
    "tags": [
        "combinatorics",
        "math"
    ],
    "hidden_unit_tests": ""
}