{
    "prob_desc_time_limit": "1 second",
    "prob_desc_sample_outputs": "[\"Group A:\\nBarcelona\\nBenfica\\nSpartak\\nCeltic\\nGroup B:\\nMilan\\nZenit\\nAnderlecht\\nMalaga\"]",
    "src_uid": "349b116f40dcf3884d4c8208a513ee23",
    "prob_desc_notes": "NoteIn the given sample the random number generator will be executed four times:   ,  ,  ,  . ",
    "prob_desc_description": "In the autumn of this year, two Russian teams came into the group stage of the most prestigious football club competition in the world — the UEFA Champions League. Now, these teams have already started to play in the group stage and are fighting for advancing to the playoffs. In this problem we are interested in the draw stage, the process of sorting teams into groups.The process of the draw goes as follows (the rules that are described in this problem, are somehow simplified compared to the real life). Suppose n teams will take part in the group stage (n is divisible by four). The teams should be divided into groups of four. Let's denote the number of groups as m (). Each team has a rating — an integer characterizing the team's previous achievements. The teams are sorted by the rating's decreasing (no two teams have the same rating).After that four \"baskets\" are formed, each of which will contain m teams: the first m teams with the highest rating go to the first basket, the following m teams go to the second one, and so on.Then the following procedure repeats m - 1 times. A team is randomly taken from each basket, first from the first basket, then from the second, then from the third, and at last, from the fourth. The taken teams form another group. After that, they are removed from their baskets.The four teams remaining in the baskets after (m - 1) such procedures are performed, form the last group.In the real draw the random selection of teams from the basket is performed by people — as a rule, the well-known players of the past. As we have none, we will use a random number generator, which is constructed as follows. Its parameters are four positive integers x, a, b, c. Every time there is a call to the random number generator, it produces the following actions:  calculates ;  replaces parameter x by value y (assigns );  returns x as another random number. Operation  means taking the remainder after division: , .A random number generator will be used in the draw as follows: each time we need to randomly choose a team from the basket, it will generate a random number k. The teams that yet remain in the basket are considered numbered with consecutive integers from 0 to s - 1, in the order of decreasing rating, where s is the current size of the basket. Then a team number  is taken from the basket.Given a list of teams and the parameters of the random number generator, determine the result of the draw. ",
    "prob_desc_output_spec": "Print the way the teams must be sorted into groups. Print the groups in the order, in which they are formed in the sorting. Number the groups by consecutive uppercase English letters, starting from letter 'A'. Inside each group print the teams' names one per line, in the order of decreasing of the teams' rating. See samples for a better understanding of the output format.",
    "prob_desc_input_spec": "The first input line contains integer n (4 ≤ n ≤ 64, n is divisible by four) — the number of teams that take part in the sorting. The second line contains four space-separated integers x, a, b, c (1 ≤ x, a, b, c ≤ 1000) — the parameters of the random number generator. Each of the following n lines describes one team. The description consists of the name of the team and its rating, separated by a single space. The name of a team consists of uppercase and lowercase English letters and has length from 1 to 20 characters. A team's rating is an integer from 0 to 1000. All teams' names are distinct. All team's ratings are also distinct.",
    "prob_desc_output_to": "output.txt",
    "prob_desc_input_from": "input.txt",
    "lang": "Python 2",
    "lang_cluster": "Python",
    "difficulty": 1600,
    "file_name": "train_000.jsonl",
    "code_uid": "310388e97a25f4cf25057e29b57fce65",
    "prob_desc_memory_limit": "256 megabytes",
    "prob_desc_sample_inputs": "[\"8\\n1 3 1 7\\nBarcelona 158\\nMilan 90\\nSpartak 46\\nAnderlecht 48\\nCeltic 32\\nBenfica 87\\nZenit 79\\nMalaga 16\"]",
    "exec_outcome": "PASSED",
    "source_code": "import sys\n\nsys.stdin = open(\"input.txt\",\"r\")\nsys.stdout = open(\"output.txt\",\"w\")\n\nN = int(raw_input())\nx, a, b, c = map(int,raw_input().split())\n\nteams = []\n\nfor i in xrange(N):\n    team = raw_input().split()\n    team[1] = int(team[1])\n    teams.append((team[1], team[0]))\n\nteams = sorted(teams)[::-1]\n\nbaskets = []\nfor i in xrange(0, N, N/4):\n    baskets.append(teams[i:i+N/4])\n\nfor i in xrange(N/4):\n    print \"Group %c:\" % (chr(i+ord('A')))\n\n    for j in xrange(4):\n        y = (x*a+b)%c\n        print baskets[j][y%len(baskets[j])][1]\n        del baskets[j][y%len(baskets[j])]\n        x = y\n",
    "prob_desc_created_at": "1350370800",
    "tags": [
        "implementation"
    ],
    "hidden_unit_tests": ""
}