{
    "prob_desc_time_limit": "2 seconds",
    "prob_desc_sample_outputs": "[\"5\\n2\"]",
    "src_uid": "eef9527a79ecf15a71d7ae4dcbb831e3",
    "prob_desc_notes": "NoteIn the first test case, for any four indices $$$i &lt; j &lt; k &lt; l$$$ are valid, so the answer is the number of tuples.In the second test case, there are $$$2$$$ valid tuples:   $$$(1, 2, 4, 6)$$$: $$$a_1 = a_4$$$ and $$$a_2 = a_6$$$;  $$$(1, 3, 4, 6)$$$: $$$a_1 = a_4$$$ and $$$a_3 = a_6$$$. ",
    "prob_desc_description": "You are given an array $$$a_1, a_2 \\dots a_n$$$. Calculate the number of tuples $$$(i, j, k, l)$$$ such that:   $$$1 \\le i &lt; j &lt; k &lt; l \\le n$$$;  $$$a_i = a_k$$$ and $$$a_j = a_l$$$; ",
    "prob_desc_output_spec": "For each test case, print the number of described tuples.",
    "prob_desc_input_spec": "The first line contains a single integer $$$t$$$ ($$$1 \\le t \\le 100$$$) — the number of test cases. The first line of each test case contains a single integer $$$n$$$ ($$$4 \\le n \\le 3000$$$) — the size of the array $$$a$$$. The second line of each test case contains $$$n$$$ integers $$$a_1, a_2, \\dots, a_n$$$ ($$$1 \\le a_i \\le n$$$) — the array $$$a$$$. It's guaranteed that the sum of $$$n$$$ in one test doesn't exceed $$$3000$$$.",
    "prob_desc_output_to": "standard output",
    "prob_desc_input_from": "standard input",
    "lang": "PyPy 3",
    "lang_cluster": "Python",
    "difficulty": 1900,
    "file_name": "train_008.jsonl",
    "code_uid": "0ca2efda9cee20fecd42874dc59aeb17",
    "prob_desc_memory_limit": "256 megabytes",
    "prob_desc_sample_inputs": "[\"2\\n5\\n2 2 2 2 2\\n6\\n1 3 3 1 2 3\"]",
    "exec_outcome": "PASSED",
    "source_code": "t = int(input())\nwhile(t):\n    t -= 1\n    n = int(input())\n    arr = list(map(int,input().split()))\n    left = [0]*(n+1)\n    right = [0]*(n+1)\n    ans = 0\n    for j in range(n):\n        for i in range(n+1):\n            right[i] = 0\n        for k in range(n-1,j,-1):\n            ans += left[arr[k]]*right[arr[j]]\n            right[arr[k]] += 1\n        left[arr[j]] += 1\n    print(ans)",
    "prob_desc_created_at": "1598366100",
    "tags": [
        "combinatorics",
        "two pointers",
        "math",
        "data structures",
        "brute force"
    ],
    "hidden_unit_tests": ""
}