{
    "prob_desc_time_limit": "1 second",
    "prob_desc_sample_outputs": "[\"3\", \"2\"]",
    "src_uid": "a548737890b4bf322d0f8989e5cd25ac",
    "prob_desc_notes": "NoteThe picture below shows all three operations for the first sample test. Each time boundary blocks are marked with red color.    After first operation there are four blocks left and only one remains after second operation. This last block is destroyed in third operation.",
    "prob_desc_description": "Limak is a little bear who loves to play. Today he is playing by destroying block towers. He built n towers in a row. The i-th tower is made of hi identical blocks. For clarification see picture for the first sample.Limak will repeat the following operation till everything is destroyed.Block is called internal if it has all four neighbors, i.e. it has each side (top, left, down and right) adjacent to other block or to the floor. Otherwise, block is boundary. In one operation Limak destroys all boundary blocks. His paws are very fast and he destroys all those blocks at the same time.Limak is ready to start. You task is to count how many operations will it take him to destroy all towers.",
    "prob_desc_output_spec": "Print the number of operations needed to destroy all towers.",
    "prob_desc_input_spec": "The first line contains single integer n (1 ≤ n ≤ 105). The second line contains n space-separated integers h1, h2, ..., hn (1 ≤ hi ≤ 109) — sizes of towers.",
    "prob_desc_output_to": "standard output",
    "prob_desc_input_from": "standard input",
    "lang": "Python 2",
    "lang_cluster": "Python",
    "difficulty": 1600,
    "file_name": "train_007.jsonl",
    "code_uid": "72b7f3ac2843bef89f104f31d346b51f",
    "prob_desc_memory_limit": "256 megabytes",
    "prob_desc_sample_inputs": "[\"6\\n2 1 4 6 2 2\", \"7\\n3 3 3 1 3 3 3\"]",
    "exec_outcome": "PASSED",
    "source_code": "N = raw_input()\nN = int(N)\nh = raw_input().split(' ')\nfor i in range(len(h)):\n    h[i] = int(h[i])\nk = [0]*N\nfor i in range(len(h)):\n    if i != 0 and i != N-1:\n        k[i] = min(k[i-1] + 1, h[i])\n    else:\n        k[i] = 1\nfor i in range(len(h)):\n    if i != 0 and i != N-1:\n        k[N - i - 1] = min(k[N-i] + 1, k[N - i - 1])\n    else:\n        k[i] = 1\nprint(max(k))\n",
    "prob_desc_created_at": "1440865800",
    "tags": [
        "dp",
        "binary search",
        "data structures",
        "math"
    ],
    "hidden_unit_tests": ""
}