{
    "prob_desc_time_limit": "1 second",
    "prob_desc_sample_outputs": "[\"0 1 2 0 3\", \"1000 1000000000 0\", \"2 3 5 7 10\"]",
    "src_uid": "e22b10cdc33a165fbd73b45dc5fbedce",
    "prob_desc_notes": "NoteThe first test was described in the problem statement.In the second test, if Alicia had an array $$$a = \\{1000, 1000000000, 0\\}$$$, then $$$x = \\{0, 1000, 1000000000\\}$$$ and $$$b = \\{1000-0, 1000000000-1000, 0-1000000000\\} = \\{1000, 999999000, -1000000000\\}$$$.",
    "prob_desc_description": "Alicia has an array, $$$a_1, a_2, \\ldots, a_n$$$, of non-negative integers. For each $$$1 \\leq i \\leq n$$$, she has found a non-negative integer $$$x_i = max(0, a_1, \\ldots, a_{i-1})$$$. Note that for $$$i=1$$$, $$$x_i = 0$$$.For example, if Alicia had the array $$$a = \\{0, 1, 2, 0, 3\\}$$$, then $$$x = \\{0, 0, 1, 2, 2\\}$$$.Then, she calculated an array, $$$b_1, b_2, \\ldots, b_n$$$: $$$b_i = a_i - x_i$$$.For example, if Alicia had the array $$$a = \\{0, 1, 2, 0, 3\\}$$$, $$$b = \\{0-0, 1-0, 2-1, 0-2, 3-2\\} = \\{0, 1, 1, -2, 1\\}$$$.Alicia gives you the values $$$b_1, b_2, \\ldots, b_n$$$ and asks you to restore the values $$$a_1, a_2, \\ldots, a_n$$$. Can you help her solve the problem?",
    "prob_desc_output_spec": "Print $$$n$$$ integers, $$$a_1, a_2, \\ldots, a_n$$$ ($$$0 \\leq a_i \\leq 10^9$$$), such that if you calculate $$$x$$$ according to the statement, $$$b_1$$$ will be equal to $$$a_1 - x_1$$$, $$$b_2$$$ will be equal to $$$a_2 - x_2$$$, ..., and $$$b_n$$$ will be equal to $$$a_n - x_n$$$. It is guaranteed that there exists at least one solution for the given tests. It can be shown that the solution is unique.",
    "prob_desc_input_spec": "The first line contains one integer $$$n$$$ ($$$3 \\leq n \\leq 200\\,000$$$) – the number of elements in Alicia's array. The next line contains $$$n$$$ integers, $$$b_1, b_2, \\ldots, b_n$$$ ($$$-10^9 \\leq b_i \\leq 10^9$$$). It is guaranteed that for the given array $$$b$$$ there is a solution $$$a_1, a_2, \\ldots, a_n$$$, for all elements of which the following is true: $$$0 \\leq a_i \\leq 10^9$$$.",
    "prob_desc_output_to": "standard output",
    "prob_desc_input_from": "standard input",
    "lang": "Python 3",
    "lang_cluster": "Python",
    "difficulty": 900,
    "file_name": "train_010.jsonl",
    "code_uid": "3ce30269a0f9307550ac246378a6d166",
    "prob_desc_memory_limit": "256 megabytes",
    "prob_desc_sample_inputs": "[\"5\\n0 1 1 -2 1\", \"3\\n1000 999999000 -1000000000\", \"5\\n2 1 2 2 3\"]",
    "exec_outcome": "PASSED",
    "source_code": "n = int(input())\nb = str(input()).split()\nx = []\na = []\n\nfor i in range(n):\n    b[i] = int(b[i])\n    if i == 0:\n        m = b[i]\n        x.append(0)\n        a.append(b[i])\n    else:\n        if a[i-1] > m:\n            m = a[i-1]\n        x.append(m)\n        a.append(b[i] + x[i])\n    print(a[i], end=' ')",
    "prob_desc_created_at": "1584628500",
    "tags": [
        "implementation",
        "math"
    ],
    "hidden_unit_tests": ""
}