{
    "prob_desc_time_limit": "2 seconds",
    "prob_desc_sample_outputs": "[\"2\", \"1\", \"-1\"]",
    "src_uid": "b0ffab0bf169f8278af48fe2d58dcd2d",
    "prob_desc_notes": null,
    "prob_desc_description": "Ksusha is a beginner coder. Today she starts studying arrays. She has array a1, a2, ..., an, consisting of n positive integers.Her university teacher gave her a task. Find such number in the array, that all array elements are divisible by it. Help her and find the number!",
    "prob_desc_output_spec": "Print a single integer — the number from the array, such that all array elements are divisible by it. If such number doesn't exist, print -1. If there are multiple answers, you are allowed to print any of them.",
    "prob_desc_input_spec": "The first line contains integer n (1 ≤ n ≤ 105), showing how many numbers the array has. The next line contains integers a1, a2, ..., an (1 ≤ ai ≤ 109) — the array elements.",
    "prob_desc_output_to": "standard output",
    "prob_desc_input_from": "standard input",
    "lang": "Python 2",
    "lang_cluster": "Python",
    "difficulty": 1000,
    "file_name": "train_023.jsonl",
    "code_uid": "9c30ff70c458b25dc43f08ed4c190da6",
    "prob_desc_memory_limit": "256 megabytes",
    "prob_desc_sample_inputs": "[\"3\\n2 2 4\", \"5\\n2 1 3 1 6\", \"3\\n2 3 5\"]",
    "exec_outcome": "PASSED",
    "source_code": "def main():\n  n = int(raw_input())\n  a = map(int,raw_input().split())\n\n  minx = min(a)\n  print([minx,-1][min(1,sum(map(lambda t:t%minx,a)))])\n  \nmain()",
    "prob_desc_created_at": "1366644600",
    "tags": [
        "number theory",
        "sortings",
        "brute force"
    ],
    "hidden_unit_tests": ""
}